id	type	language	license	rightsHolder	accessRights	bibliographicCitation	references	institutionId	datasetName	ownerInstitutionCode	basisOfRecord	informationWithheld	fieldNumber	occurrenceId	eventDate	year	month	day	recordedBy	habitat	occurrenceRemarks	sex	lifeStage	individualCount	organismRemarks	reproductiveCondition	disposition	eventTime	eventRemarks	taxonID	scientificName	higherClassification	kingdom	phylum	class	order	family	genus	specificEpithet	vernacularName	continent	country	countryCode	stateProvince	county	locality	locationRemarks	verbatimLatitude	verbatimLongitude	geodeticDatum	verbatimCoordinateSystem	fieldNotes
1	event	es	https://creativecommons.org/licenses/by-nc/4.0/	Ministerio del Ambiente, Agua y Transición Ecológica	CC BY-NC 4.0	Ministerio del Ambiente, Agua y Transición Ecológica. 2021. Registro de varamientos de megafauna marina en Ecuador continental, Ecuador.	https://www.researchgate.net/publication/336722056_PROTOCOLO_DE_RESPUESTA_A_VARAMIENTOS_DE_ESPECIES_MARINAS_EN_ECUADOR	http://www.ambiente.gob.ec	Registro de varamientos de megafauna marina en Ecuador continental	MAAE	HumanObservation	ninguna 	ND	EC:AAN:VAR:201501:001	2015-01-07	2015	1	7	Reyes, Victor	ND	muerto	ND	ND	1	ND	ND	enterrado	ND	ND	ec.bio.spp.45448	Lepidochelys olivacea	Animalia|Chordata|Sauropsida|Testudines|Cheloniidae|Lepidochelys	Animalia	Chordata	Sauropsida	Testudines	Cheloniidae	Lepidochelys	olivacea	Tortuga golfina	South America	Ecuador	EC	Manabí	Manta	San Lorenzo	ND	510446	9881438	WGS84 17S	UTM	ESTADO DESCOMPOISICION 2 CON GOLPE Y FRACTURA EN CABEZA
2	event	es	https://creativecommons.org/licenses/by-nc/4.0/	Ministerio del Ambiente, Agua y Transición Ecológica	CC BY-NC 4.0	Ministerio del Ambiente, Agua y Transición Ecológica. 2021. Registro de varamientos de megafauna marina en Ecuador continental, Ecuador.	https://www.researchgate.net/publication/336722056_PROTOCOLO_DE_RESPUESTA_A_VARAMIENTOS_DE_ESPECIES_MARINAS_EN_ECUADOR	http://www.ambiente.gob.ec	Registro de varamientos de megafauna marina en Ecuador continental	MAAE	HumanObservation	ninguna 	ND	EC:AAN:VAR:201501:002	2015-01-08	2015	1	8	Lopez, Angel	ND	muerto	ND	ND	1	ND	ND	enterrado	ND	ND	ec.bio.spp.45448	Lepidochelys olivacea	Animalia|Chordata|Sauropsida|Testudines|Cheloniidae|Lepidochelys	Animalia	Chordata	Sauropsida	Testudines	Cheloniidae	Lepidochelys	olivacea	Tortuga golfina	South America	Ecuador	EC	Manabí	Manta	San Lorenzo	ND	510599	9881209	WGS84 17S	UTM	AVANZADO ESTADO DESCOMPOSICION #  4
3	event	es	https://creativecommons.org/licenses/by-nc/4.0/	Ministerio del Ambiente, Agua y Transición Ecológica	CC BY-NC 4.0	Ministerio del Ambiente, Agua y Transición Ecológica. 2021. Registro de varamientos de megafauna marina en Ecuador continental, Ecuador.	https://www.researchgate.net/publication/336722056_PROTOCOLO_DE_RESPUESTA_A_VARAMIENTOS_DE_ESPECIES_MARINAS_EN_ECUADOR	http://www.ambiente.gob.ec	Registro de varamientos de megafauna marina en Ecuador continental	MAAE	HumanObservation	ninguna 	ND	EC:AAN:VAR:201501:003	2015-01-09	2015	1	9	Lara, Fausto	ND	vivo	ND	ND	1	ND	ND	enviado a centro de rehabilitación	ND	ND	ec.bio.spp.45448	Lepidochelys olivacea	Animalia|Chordata|Sauropsida|Testudines|Cheloniidae|Lepidochelys	Animalia	Chordata	Sauropsida	Testudines	Cheloniidae	Lepidochelys	olivacea	Tortuga golfina	South America	Ecuador	EC	Manabí	Manta	San Lorenzo	ND	510446	9881438	WGS84 17S	UTM	TRASLADADA A PNM POR FRACTURA EN CABEZA
4	event	es	https://creativecommons.org/licenses/by-nc/4.0/	Ministerio del Ambiente, Agua y Transición Ecológica	CC BY-NC 4.0	Ministerio del Ambiente, Agua y Transición Ecológica. 2021. Registro de varamientos de megafauna marina en Ecuador continental, Ecuador.	https://www.researchgate.net/publication/336722056_PROTOCOLO_DE_RESPUESTA_A_VARAMIENTOS_DE_ESPECIES_MARINAS_EN_ECUADOR	http://www.ambiente.gob.ec	Registro de varamientos de megafauna marina en Ecuador continental	MAAE	HumanObservation	ninguna 	ND	EC:AAN:VAR:201501:004	2015-01-18	2015	1	18	Taffur, Andrés	ND	muerto	ND	ND	1	ND	ND	enterrado	ND	ND	ec.bio.spp.45450	Dermochelys coracea	Animalia|Chordata|Sauropsida|Testudines|Dermochelyidae|Dermochelys	Animalia	Chordata	Sauropsida	Testudines	Dermochelyidae	Dermochelys	coracea	Tortuga Laud	South America	Ecuador	EC	Manabí	Manta	San Lorenzo	ND	510446	9881438	WGS84 17S	UTM	ND
5	event	es	https://creativecommons.org/licenses/by-nc/4.0/	Ministerio del Ambiente, Agua y Transición Ecológica	CC BY-NC 4.0	Ministerio del Ambiente, Agua y Transición Ecológica. 2021. Registro de varamientos de megafauna marina en Ecuador continental, Ecuador.	https://www.researchgate.net/publication/336722056_PROTOCOLO_DE_RESPUESTA_A_VARAMIENTOS_DE_ESPECIES_MARINAS_EN_ECUADOR	http://www.ambiente.gob.ec	Registro de varamientos de megafauna marina en Ecuador continental	MAAE	HumanObservation	ninguna 	ND	EC:AAN:VAR:201501:005	2015-01-16	2015	1	16	Lara, Fausto	ND	muerto	macho	ND	1	ND	ND	enterrado	ND	ND	ec.bio.spp.45448	Lepidochelys olivacea	Animalia|Chordata|Sauropsida|Testudines|Cheloniidae|Lepidochelys	Animalia	Chordata	Sauropsida	Testudines	Cheloniidae	Lepidochelys	olivacea	Tortuga golfina	South America	Ecuador	EC	Manabí	Manta	San Lorenzo	ND	510446	9881438	WGS84 17S	UTM	VARAMIENTO POR POSIBLE COLISIÓN CON EMBARCACION (FRACTURA EN CABEZA)
6	event	es	https://creativecommons.org/licenses/by-nc/4.0/	Ministerio del Ambiente, Agua y Transición Ecológica	CC BY-NC 4.0	Ministerio del Ambiente, Agua y Transición Ecológica. 2021. Registro de varamientos de megafauna marina en Ecuador continental, Ecuador.	https://www.researchgate.net/publication/336722056_PROTOCOLO_DE_RESPUESTA_A_VARAMIENTOS_DE_ESPECIES_MARINAS_EN_ECUADOR	http://www.ambiente.gob.ec	Registro de varamientos de megafauna marina en Ecuador continental	MAAE	HumanObservation	ninguna 	ND	EC:AAN:VAR:201502:001	2015-02-15	2015	2	15	Taffur, Andrés	ND	muerto	ND	ND	1	ND	ND	enterrado	ND	ND	ec.bio.spp.45448	Lepidochelys olivacea	Animalia|Chordata|Sauropsida|Testudines|Cheloniidae|Lepidochelys	Animalia	Chordata	Sauropsida	Testudines	Cheloniidae	Lepidochelys	olivacea	Tortuga golfina	South America	Ecuador	EC	Manabí	Manta	San Lorenzo	ND	510029	9882344	WGS84 17S	UTM	ESTADO DESCOMPOSICION 2, CAUSA DE MUERTE SIN DETERMINAR
7	event	es	https://creativecommons.org/licenses/by-nc/4.0/	Ministerio del Ambiente, Agua y Transición Ecológica	CC BY-NC 4.0	Ministerio del Ambiente, Agua y Transición Ecológica. 2021. Registro de varamientos de megafauna marina en Ecuador continental, Ecuador.	https://www.researchgate.net/publication/336722056_PROTOCOLO_DE_RESPUESTA_A_VARAMIENTOS_DE_ESPECIES_MARINAS_EN_ECUADOR	http://www.ambiente.gob.ec	Registro de varamientos de megafauna marina en Ecuador continental	MAAE	HumanObservation	ninguna 	ND	EC:AAN:VAR:201502:002	2015-02-16	2015	2	16	Taffur, Andrés	ND	vivo	hembra	ND	1	ND	ND	enviado a centro de rehabilitación	ND	ND	ec.bio.spp.45448	Lepidochelys olivacea	Animalia|Chordata|Sauropsida|Testudines|Cheloniidae|Lepidochelys	Animalia	Chordata	Sauropsida	Testudines	Cheloniidae	Lepidochelys	olivacea	Tortuga golfina	South America	Ecuador	EC	Manabí	Manta	San Lorenzo	ND	510128	9882103	WGS84 17S	UTM	PRESENTO GOLPE EN CABEZA, FUE DERIVADO AL PNM
8	event	es	https://creativecommons.org/licenses/by-nc/4.0/	Ministerio del Ambiente, Agua y Transición Ecológica	CC BY-NC 4.0	Ministerio del Ambiente, Agua y Transición Ecológica. 2021. Registro de varamientos de megafauna marina en Ecuador continental, Ecuador.	https://www.researchgate.net/publication/336722056_PROTOCOLO_DE_RESPUESTA_A_VARAMIENTOS_DE_ESPECIES_MARINAS_EN_ECUADOR	http://www.ambiente.gob.ec	Registro de varamientos de megafauna marina en Ecuador continental	MAAE	HumanObservation	ninguna 	ND	EC:AAN:VAR:201502:003	2015-02-22	2015	2	22	Lopez, Angel	ND	muerto	hembra	ND	1	ND	ND	enterrado	ND	ND	ec.bio.spp.45446	Chelonia mydas	Animalia|Chordata|Sauropsida|Testudines|Cheloniidae|Chelonia	Animalia	Chordata	Sauropsida	Testudines	Cheloniidae	Chelonia	mydas	Tortuga verde	South America	Ecuador	EC	Manabí	Manta	San Lorenzo	ND	510421	9881546	WGS84 17S	UTM	PRESENTABA ENREDAMIENTO DE ANZUELO EN ALETAS
9	event	es	https://creativecommons.org/licenses/by-nc/4.0/	Ministerio del Ambiente, Agua y Transición Ecológica	CC BY-NC 4.0	Ministerio del Ambiente, Agua y Transición Ecológica. 2021. Registro de varamientos de megafauna marina en Ecuador continental, Ecuador.	https://www.researchgate.net/publication/336722056_PROTOCOLO_DE_RESPUESTA_A_VARAMIENTOS_DE_ESPECIES_MARINAS_EN_ECUADOR	http://www.ambiente.gob.ec	Registro de varamientos de megafauna marina en Ecuador continental	MAAE	HumanObservation	ninguna 	ND	EC:AAN:VAR:201503:001	2015-03-21	2015	3	21	Lopez, Angel	ND	muerto	ND	ND	1	ND	ND	enterrado	ND	ND	ec.bio.spp.45446	Chelonia mydas	Animalia|Chordata|Sauropsida|Testudines|Cheloniidae|Chelonia	Animalia	Chordata	Sauropsida	Testudines	Cheloniidae	Chelonia	mydas	Tortuga verde	South America	Ecuador	EC	Manabí	Manta	San Lorenzo	ND	510751	9880839	WGS84 17S	UTM	ESTADO DESCOMPOSICIoN 2, CAUSA DE MUERTE SIN DETERMINAR
10	event	es	https://creativecommons.org/licenses/by-nc/4.0/	Ministerio del Ambiente, Agua y Transición Ecológica	CC BY-NC 4.0	Ministerio del Ambiente, Agua y Transición Ecológica. 2021. Registro de varamientos de megafauna marina en Ecuador continental, Ecuador.	https://www.researchgate.net/publication/336722056_PROTOCOLO_DE_RESPUESTA_A_VARAMIENTOS_DE_ESPECIES_MARINAS_EN_ECUADOR	http://www.ambiente.gob.ec	Registro de varamientos de megafauna marina en Ecuador continental	MAAE	HumanObservation	ninguna 	ND	EC:AAN:VAR:201504:001	2015-04-05	2015	4	5	Lopez, Angel	ND	vivo	ND	ND	1	ND	ND	enviado a centro de rehabilitación	ND	ND	ec.bio.spp.45446	Chelonia mydas	Animalia|Chordata|Sauropsida|Testudines|Cheloniidae|Chelonia	Animalia	Chordata	Sauropsida	Testudines	Cheloniidae	Chelonia	mydas	Tortuga verde	South America	Ecuador	EC	Manabí	Manta	San Lorenzo	ND	510535	9881262	WGS84 17S	UTM	NO PRESENTABA TRAUMA EXTERNO PERO PRESENTABA AGOTAMIENTO Y DESHIDRATACION. DERIVADA AL PNM
11	event	es	https://creativecommons.org/licenses/by-nc/4.0/	Ministerio del Ambiente, Agua y Transición Ecológica	CC BY-NC 4.0	Ministerio del Ambiente, Agua y Transición Ecológica. 2021. Registro de varamientos de megafauna marina en Ecuador continental, Ecuador.	https://www.researchgate.net/publication/336722056_PROTOCOLO_DE_RESPUESTA_A_VARAMIENTOS_DE_ESPECIES_MARINAS_EN_ECUADOR	http://www.ambiente.gob.ec	Registro de varamientos de megafauna marina en Ecuador continental	MAAE	HumanObservation	ninguna 	ND	EC:AAN:VAR:201504:002	2015-04-13	2015	4	13	Solorzano, Iliana	ND	vivo	hembra	ND	1	ND	ND	enterrado	ND	ND	ND	Rhincodon typus	"Animalia|Chordata|Chondrichthyes|	Orectolobiformes|Rhincodontidae|Rhincodon"	Animalia	Chordata	Chondrichthyes	Orectolobiformes	Rhincodontidae	Rhincodon	typus	Tiburón ballena	South America	Ecuador	EC	Manabí	Manta	Santa Marianita	ND	5174493	9891680	WGS84 17S	UTM	SE APLICÓ SALVAMENTO, MURIO POSTERIORMENTE
12	event	es	https://creativecommons.org/licenses/by-nc/4.0/	Ministerio del Ambiente, Agua y Transición Ecológica	CC BY-NC 4.0	Ministerio del Ambiente, Agua y Transición Ecológica. 2021. Registro de varamientos de megafauna marina en Ecuador continental, Ecuador.	https://www.researchgate.net/publication/336722056_PROTOCOLO_DE_RESPUESTA_A_VARAMIENTOS_DE_ESPECIES_MARINAS_EN_ECUADOR	http://www.ambiente.gob.ec	Registro de varamientos de megafauna marina en Ecuador continental	MAAE	HumanObservation	ninguna 	ND	EC:AAN:VAR:201504:003	2015-04-22	2015	4	22	Pincay, Ronald	ND	muerto	hembra	ND	1	ND	ND	enterrado	ND	ND	ec.bio.spp.45801	Globicephala macrorhynchus	"Animalia|Chordata|Mammalia|Artiodactyla|Delphinidae|	Globicephala"	Animalia	Chordata	Mammalia	Artiodactyla	Delphinidae	Globicephala	macrorhynchus	Ballena piloto	South America	Ecuador	EC	Manabí	Manta	San Lorenzo	ND	510533	9881324	WGS84 17S	UTM	ND
13	event	es	https://creativecommons.org/licenses/by-nc/4.0/	Ministerio del Ambiente, Agua y Transición Ecológica	CC BY-NC 4.0	Ministerio del Ambiente, Agua y Transición Ecológica. 2021. Registro de varamientos de megafauna marina en Ecuador continental, Ecuador.	https://www.researchgate.net/publication/336722056_PROTOCOLO_DE_RESPUESTA_A_VARAMIENTOS_DE_ESPECIES_MARINAS_EN_ECUADOR	http://www.ambiente.gob.ec	Registro de varamientos de megafauna marina en Ecuador continental	MAAE	HumanObservation	ninguna 	ND	EC:AAN:VAR:201505:001	2015-05-01	2015	5	1	Macias, Hilario	ND	muerto	ND	ND	1	ND	ND	enterrado	ND	ND	ec.bio.spp.45446	Chelonia mydas	Animalia|Chordata|Sauropsida|Testudines|Cheloniidae|Chelonia	Animalia	Chordata	Sauropsida	Testudines	Cheloniidae	Chelonia	mydas	Tortuga verde	South America	Ecuador	EC	Manabí	Manta	San Lorenzo	ND	509985	9882407	WGS84 17S	UTM	PRESENTABA ANZUELO EN ESÓFAGO
14	event	es	https://creativecommons.org/licenses/by-nc/4.0/	Ministerio del Ambiente, Agua y Transición Ecológica	CC BY-NC 4.0	Ministerio del Ambiente, Agua y Transición Ecológica. 2021. Registro de varamientos de megafauna marina en Ecuador continental, Ecuador.	https://www.researchgate.net/publication/336722056_PROTOCOLO_DE_RESPUESTA_A_VARAMIENTOS_DE_ESPECIES_MARINAS_EN_ECUADOR	http://www.ambiente.gob.ec	Registro de varamientos de megafauna marina en Ecuador continental	MAAE	HumanObservation	ninguna 	ND	EC:AAN:VAR:201505:002	2015-05-01	2015	5	1	Reyes, Victor	ND	muerto	hembra	ND	1	ND	ND	enterrado	ND	ND	ec.bio.spp.45448	Lepidochelys olivacea	Animalia|Chordata|Sauropsida|Testudines|Cheloniidae|Lepidochelys	Animalia	Chordata	Sauropsida	Testudines	Cheloniidae	Lepidochelys	olivacea	Tortuga golfina	South America	Ecuador	EC	Manabí	Manta	San Lorenzo	ND	509981	9882423	WGS84 17S	UTM	ESTADO DESCOMPOSICIÓN 3 SIN DEFINIR CAUSA DE MUERTE. NO PRESENTABA EXTREMIDADES
15	event	es	https://creativecommons.org/licenses/by-nc/4.0/	Ministerio del Ambiente, Agua y Transición Ecológica	CC BY-NC 4.0	Ministerio del Ambiente, Agua y Transición Ecológica. 2021. Registro de varamientos de megafauna marina en Ecuador continental, Ecuador.	https://www.researchgate.net/publication/336722056_PROTOCOLO_DE_RESPUESTA_A_VARAMIENTOS_DE_ESPECIES_MARINAS_EN_ECUADOR	http://www.ambiente.gob.ec	Registro de varamientos de megafauna marina en Ecuador continental	MAAE	HumanObservation	ninguna 	ND	EC:AAN:VAR:201505:003	2015-05-29	2015	5	29	Bolaños, Carlos	ND	muerto	ND	ND	1	ND	ND	enterrado	ND	ND	ec.bio.spp.45448	Lepidochelys olivacea	Animalia|Chordata|Sauropsida|Testudines|Cheloniidae|Lepidochelys	Animalia	Chordata	Sauropsida	Testudines	Cheloniidae	Lepidochelys	olivacea	Tortuga golfina	South America	Ecuador	EC	Manabí	Manta	San Lorenzo	ND	510510	9881310	WGS84 17S	UTM	NO SE IDENTIFICÓ CAUSA MUERTE, ALTA DESCOMPOSICIÓN
16	event	es	https://creativecommons.org/licenses/by-nc/4.0/	Ministerio del Ambiente, Agua y Transición Ecológica	CC BY-NC 4.0	Ministerio del Ambiente, Agua y Transición Ecológica. 2021. Registro de varamientos de megafauna marina en Ecuador continental, Ecuador.	https://www.researchgate.net/publication/336722056_PROTOCOLO_DE_RESPUESTA_A_VARAMIENTOS_DE_ESPECIES_MARINAS_EN_ECUADOR	http://www.ambiente.gob.ec	Registro de varamientos de megafauna marina en Ecuador continental	MAAE	HumanObservation	ninguna 	ND	EC:AAN:VAR:201505:004	2015-05-10	2015	5	10	Pincay, Ronald	ND	vivo	hembra	ND	1	ND	ND	enviado a centro de rehabilitación	ND	ND	ec.bio.spp.45778	Arctocephalus australis	Animalia|Chordata|Mammalia|Carnivora|Otariidae|Arctophoca	Animalia	Chordata	Mammalia	Carnivora	Otariidae	Arctophoca	australis	Lobo marino de Galápagos	South America	Ecuador	EC	Manabí	Manta	San Lorenzo	ND	510301	9881799	WGS84 17S	UTM	Presentaba corte en aleta y ocico
17	event	es	https://creativecommons.org/licenses/by-nc/4.0/	Ministerio del Ambiente, Agua y Transición Ecológica	CC BY-NC 4.0	Ministerio del Ambiente, Agua y Transición Ecológica. 2021. Registro de varamientos de megafauna marina en Ecuador continental, Ecuador.	https://www.researchgate.net/publication/336722056_PROTOCOLO_DE_RESPUESTA_A_VARAMIENTOS_DE_ESPECIES_MARINAS_EN_ECUADOR	http://www.ambiente.gob.ec	Registro de varamientos de megafauna marina en Ecuador continental	MAAE	HumanObservation	ninguna 	ND	EC:AAN:VAR:201506:001	2015-06-01	2015	6	1	Lopez, Angel	ND	muerto	ND	ND	1	ND	ND	enterrado	ND	ND	ec.bio.spp.45446	Chelonia mydas	Animalia|Chordata|Sauropsida|Testudines|Cheloniidae|Chelonia	Animalia	Chordata	Sauropsida	Testudines	Cheloniidae	Chelonia	mydas	Tortuga verde	South America	Ecuador	EC	Manabí	Manta	San Lorenzo	ND	509899	9882599	WGS84 17S	UTM	DESCOMPOSICIÓN 4, NO SE PUDO DETERMINAR CAUSA MUERTE
18	event	es	https://creativecommons.org/licenses/by-nc/4.0/	Ministerio del Ambiente, Agua y Transición Ecológica	CC BY-NC 4.0	Ministerio del Ambiente, Agua y Transición Ecológica. 2021. Registro de varamientos de megafauna marina en Ecuador continental, Ecuador.	https://www.researchgate.net/publication/336722056_PROTOCOLO_DE_RESPUESTA_A_VARAMIENTOS_DE_ESPECIES_MARINAS_EN_ECUADOR	http://www.ambiente.gob.ec	Registro de varamientos de megafauna marina en Ecuador continental	MAAE	HumanObservation	ninguna 	ND	EC:AAN:VAR:201506:002	2015-06-06	2015	6	6	Reyes, Victor	ND	muerto	macho	ND	1	ND	ND	enterrado	ND	ND	ec.bio.spp.45448	Lepidochelys olivacea	Animalia|Chordata|Sauropsida|Testudines|Cheloniidae|Lepidochelys	Animalia	Chordata	Sauropsida	Testudines	Cheloniidae	Lepidochelys	olivacea	Tortuga golfina	South America	Ecuador	EC	Manabí	Manta	San Lorenzo	ND	510334	9817231	WGS84 17S	UTM	PRESENTABA ESTADO DESCOMPOSICIÓN 2, POSIBLE MUERTE POR ANZUELO
19	event	es	https://creativecommons.org/licenses/by-nc/4.0/	Ministerio del Ambiente, Agua y Transición Ecológica	CC BY-NC 4.0	Ministerio del Ambiente, Agua y Transición Ecológica. 2021. Registro de varamientos de megafauna marina en Ecuador continental, Ecuador.	https://www.researchgate.net/publication/336722056_PROTOCOLO_DE_RESPUESTA_A_VARAMIENTOS_DE_ESPECIES_MARINAS_EN_ECUADOR	http://www.ambiente.gob.ec	Registro de varamientos de megafauna marina en Ecuador continental	MAAE	HumanObservation	ninguna 	ND	EC:AAN:VAR:201506:003	2015-06-08	2015	6	8	Lara, Fausto	ND	muerto	hembra	ND	1	ND	ND	enterrado	ND	ND	ec.bio.spp.45446	Chelonia mydas	Animalia|Chordata|Sauropsida|Testudines|Cheloniidae|Chelonia	Animalia	Chordata	Sauropsida	Testudines	Cheloniidae	Chelonia	mydas	Tortuga verde	South America	Ecuador	EC	Manabí	Manta	San Lorenzo	ND	510247	9881889	WGS84 17S	UTM	ESTADO DESCOMPOSICIÓN 4, NO SE PUDO DETERMINAR CAUSA MUERTE
20	event	es	https://creativecommons.org/licenses/by-nc/4.0/	Ministerio del Ambiente, Agua y Transición Ecológica	CC BY-NC 4.0	Ministerio del Ambiente, Agua y Transición Ecológica. 2021. Registro de varamientos de megafauna marina en Ecuador continental, Ecuador.	https://www.researchgate.net/publication/336722056_PROTOCOLO_DE_RESPUESTA_A_VARAMIENTOS_DE_ESPECIES_MARINAS_EN_ECUADOR	http://www.ambiente.gob.ec	Registro de varamientos de megafauna marina en Ecuador continental	MAAE	HumanObservation	ninguna 	ND	EC:AAN:VAR:201506:004	2015-06-12	2015	6	12	Lara, Fausto	ND	muerto	hembra	ND	1	ND	ND	enterrado	ND	ND	ec.bio.spp.45446	Chelonia mydas	Animalia|Chordata|Sauropsida|Testudines|Cheloniidae|Chelonia	Animalia	Chordata	Sauropsida	Testudines	Cheloniidae	Chelonia	mydas	Tortuga verde	South America	Ecuador	EC	Manabí	Manta	San Lorenzo	ND	510555	9881208	WGS84 17S	UTM	PRESENTÓ AFECTACIÓN EXTERNA
21	event	es	https://creativecommons.org/licenses/by-nc/4.0/	Ministerio del Ambiente, Agua y Transición Ecológica	CC BY-NC 4.0	Ministerio del Ambiente, Agua y Transición Ecológica. 2021. Registro de varamientos de megafauna marina en Ecuador continental, Ecuador.	https://www.researchgate.net/publication/336722056_PROTOCOLO_DE_RESPUESTA_A_VARAMIENTOS_DE_ESPECIES_MARINAS_EN_ECUADOR	http://www.ambiente.gob.ec	Registro de varamientos de megafauna marina en Ecuador continental	MAAE	HumanObservation	ninguna 	ND	EC:AAN:VAR:201506:005	2015-06-19	2015	6	19	Lara, Fausto	ND	muerto	macho	ND	1	ND	ND	enterrado	ND	ND	ec.bio.spp.45448	Lepidochelys olivacea	Animalia|Chordata|Sauropsida|Testudines|Cheloniidae|Lepidochelys	Animalia	Chordata	Sauropsida	Testudines	Cheloniidae	Lepidochelys	olivacea	Tortuga golfina	South America	Ecuador	EC	Manabí	Manta	San Lorenzo	ND	509858	9882664	WGS84 17S	UTM	ESTADO DESCOMPOSICIÓN No. 2, POSIBLE CAUSA DE INTERACCIÓN CON PESQUERÍA
22	event	es	https://creativecommons.org/licenses/by-nc/4.0/	Ministerio del Ambiente, Agua y Transición Ecológica	CC BY-NC 4.0	Ministerio del Ambiente, Agua y Transición Ecológica. 2021. Registro de varamientos de megafauna marina en Ecuador continental, Ecuador.	https://www.researchgate.net/publication/336722056_PROTOCOLO_DE_RESPUESTA_A_VARAMIENTOS_DE_ESPECIES_MARINAS_EN_ECUADOR	http://www.ambiente.gob.ec	Registro de varamientos de megafauna marina en Ecuador continental	MAAE	HumanObservation	ninguna 	ND	EC:AAN:VAR:201506:006	2015-06-02	2015	6	2	Lara, Fausto	ND	muerto	ND	ND	1	ND	ND	enterrado	ND	ND	ec.bio.spp.45808	Stenella coeruleoalba	Animalia|Chordata|Mammalia|Artiodactyla|Delphinidae|Stenella	Animalia	Chordata	Mammalia	Artiodactyla	Delphinidae	Stenella	coeruleoalba	Delfín listado	South America	Ecuador	EC	Manabí	Manta	San Lorenzo	ND	510227	9881904	WGS84 17S	UTM	ND
23	event	es	https://creativecommons.org/licenses/by-nc/4.0/	Ministerio del Ambiente, Agua y Transición Ecológica	CC BY-NC 4.0	Ministerio del Ambiente, Agua y Transición Ecológica. 2021. Registro de varamientos de megafauna marina en Ecuador continental, Ecuador.	https://www.researchgate.net/publication/336722056_PROTOCOLO_DE_RESPUESTA_A_VARAMIENTOS_DE_ESPECIES_MARINAS_EN_ECUADOR	http://www.ambiente.gob.ec	Registro de varamientos de megafauna marina en Ecuador continental	MAAE	HumanObservation	ninguna 	ND	EC:AAN:VAR:201506:007	2015-06-12	2015	6	12	Lara, Fausto	ND	muerto	ND	ND	1	ND	ND	enterrado	ND	ND	ec.bio.spp.48283	Sula nebouxii	Animalia|Chordata|Aves|Suliformes|Sulidae|Sula	Animalia	Chordata	Aves	Suliformes	Sulidae	Sula	nebouxii	Piquero de patas azules	South America	Ecuador	EC	Manabí	Manta	San Lorenzo	ND	509965	9882498	WGS84 17S	UTM	ND
24	event	es	https://creativecommons.org/licenses/by-nc/4.0/	Ministerio del Ambiente, Agua y Transición Ecológica	CC BY-NC 4.0	Ministerio del Ambiente, Agua y Transición Ecológica. 2021. Registro de varamientos de megafauna marina en Ecuador continental, Ecuador.	https://www.researchgate.net/publication/336722056_PROTOCOLO_DE_RESPUESTA_A_VARAMIENTOS_DE_ESPECIES_MARINAS_EN_ECUADOR	http://www.ambiente.gob.ec	Registro de varamientos de megafauna marina en Ecuador continental	MAAE	HumanObservation	ninguna 	ND	EC:AAN:VAR:201507:001	2015-07-08	2015	7	8	Solorzano, Iliana	ND	muerto	macho	ND	1	ND	ND	enterrado	ND	ND	ec.bio.spp.45797	Megaptera novaeangliae	Animalia|Chordata|Mammalia|Artiodactyla|Balaenopteridae|Megaptera	Animalia	Chordata	Mammalia	Artiodactyla	Balaenopteridae	Megaptera	novaeangliae	Ballena jorobada	South America	Ecuador	EC	Manabí	Manta	La Resbalosa	ND	511646	9877782	WGS84 17S	UTM	ND
25	event	es	https://creativecommons.org/licenses/by-nc/4.0/	Ministerio del Ambiente, Agua y Transición Ecológica	CC BY-NC 4.0	Ministerio del Ambiente, Agua y Transición Ecológica. 2021. Registro de varamientos de megafauna marina en Ecuador continental, Ecuador.	https://www.researchgate.net/publication/336722056_PROTOCOLO_DE_RESPUESTA_A_VARAMIENTOS_DE_ESPECIES_MARINAS_EN_ECUADOR	http://www.ambiente.gob.ec	Registro de varamientos de megafauna marina en Ecuador continental	MAAE	HumanObservation	ninguna 	ND	EC:AAN:VAR:201508:001	2015-08-05	2015	8	5	Lara, Fausto	ND	muerto	hembra	ND	1	ND	ND	enterrado	ND	ND	ec.bio.spp.45446	Chelonia mydas	Animalia|Chordata|Sauropsida|Testudines|Cheloniidae|Chelonia	Animalia	Chordata	Sauropsida	Testudines	Cheloniidae	Chelonia	mydas	Tortuga verde	South America	Ecuador	EC	Manabí	Manta	La Botada	ND	510757	9884321	WGS84 17S	UTM	ESTADO DE DESCOMPOSICIÓN No. 1 CON FRACTURA EN CABEZA
26	event	es	https://creativecommons.org/licenses/by-nc/4.0/	Ministerio del Ambiente, Agua y Transición Ecológica	CC BY-NC 4.0	Ministerio del Ambiente, Agua y Transición Ecológica. 2021. Registro de varamientos de megafauna marina en Ecuador continental, Ecuador.	https://www.researchgate.net/publication/336722056_PROTOCOLO_DE_RESPUESTA_A_VARAMIENTOS_DE_ESPECIES_MARINAS_EN_ECUADOR	http://www.ambiente.gob.ec	Registro de varamientos de megafauna marina en Ecuador continental	MAAE	HumanObservation	ninguna 	ND	EC:AAN:VAR:201508:002	2015-08-29	2015	8	29	Rosado, Roberto	ND	muerto	hembra	ND	1	ND	ND	enterrado	ND	ND	ec.bio.spp.45448	Lepidochelys olivacea	Animalia|Chordata|Sauropsida|Testudines|Cheloniidae|Lepidochelys	Animalia	Chordata	Sauropsida	Testudines	Cheloniidae	Lepidochelys	olivacea	Tortuga golfina	South America	Ecuador	EC	Manabí	Manta	San Lorenzo	ND	509811	9882732	WGS84 17S	UTM	VARAMIENTO POR POSIBLE COLISIÓN CON EMBARCACIÓN (FRACTURA EN CABEZA)
27	event	es	https://creativecommons.org/licenses/by-nc/4.0/	Ministerio del Ambiente, Agua y Transición Ecológica	CC BY-NC 4.0	Ministerio del Ambiente, Agua y Transición Ecológica. 2021. Registro de varamientos de megafauna marina en Ecuador continental, Ecuador.	https://www.researchgate.net/publication/336722056_PROTOCOLO_DE_RESPUESTA_A_VARAMIENTOS_DE_ESPECIES_MARINAS_EN_ECUADOR	http://www.ambiente.gob.ec	Registro de varamientos de megafauna marina en Ecuador continental	MAAE	HumanObservation	ninguna 	ND	EC:AAN:VAR:201508:003	2015-08-30	2015	8	30	Rosado, Roberto	ND	muerto	hembra	ND	1	ND	ND	enterrado	ND	ND	ec.bio.spp.45446	Chelonia mydas	Animalia|Chordata|Sauropsida|Testudines|Cheloniidae|Chelonia	Animalia	Chordata	Sauropsida	Testudines	Cheloniidae	Chelonia	mydas	Tortuga verde	South America	Ecuador	EC	Manabí	Manta	La Botada	ND	510453	9881457	WGS84 17S	UTM	VARAMIENTO POR POSIBLE COLISIÓN CON EMBARCACIÓN (FRACTURA EN CABEZA)
28	event	es	https://creativecommons.org/licenses/by-nc/4.0/	Ministerio del Ambiente, Agua y Transición Ecológica	CC BY-NC 4.0	Ministerio del Ambiente, Agua y Transición Ecológica. 2021. Registro de varamientos de megafauna marina en Ecuador continental, Ecuador.	https://www.researchgate.net/publication/336722056_PROTOCOLO_DE_RESPUESTA_A_VARAMIENTOS_DE_ESPECIES_MARINAS_EN_ECUADOR	http://www.ambiente.gob.ec	Registro de varamientos de megafauna marina en Ecuador continental	MAAE	HumanObservation	ninguna 	ND	EC:AAN:VAR:201508:004	2015-08-30	2015	8	30	Lara, Fausto	ND	muerto	ND	ND	1	ND	ND	enterrado	ND	ND	ec.bio.spp.48381	Phoebastria irrorata	Animalia|Chordata|Aves|Procellariiformes|Diomedeidae|Phoebastria	Animalia	Chordata	Aves	Procellariiformes	Diomedeidae	Phoebastria	irrorata	Albatros de las Galápagos	South America	Ecuador	EC	Manabí	Manta	San Lorenzo	ND	509855	9882683	WGS84 17S	UTM	ND
29	event	es	https://creativecommons.org/licenses/by-nc/4.0/	Ministerio del Ambiente, Agua y Transición Ecológica	CC BY-NC 4.0	Ministerio del Ambiente, Agua y Transición Ecológica. 2021. Registro de varamientos de megafauna marina en Ecuador continental, Ecuador.	https://www.researchgate.net/publication/336722056_PROTOCOLO_DE_RESPUESTA_A_VARAMIENTOS_DE_ESPECIES_MARINAS_EN_ECUADOR	http://www.ambiente.gob.ec	Registro de varamientos de megafauna marina en Ecuador continental	MAAE	HumanObservation	ninguna 	ND	EC:AAN:VAR:201509:001	2015-09-04	2015	9	4	Reyes, Victor	ND	muerto	hembra	ND	1	ND	ND	enterrado	ND	ND	ec.bio.spp.45448	Lepidochelys olivacea	Animalia|Chordata|Sauropsida|Testudines|Cheloniidae|Lepidochelys	Animalia	Chordata	Sauropsida	Testudines	Cheloniidae	Lepidochelys	olivacea	Tortuga golfina	South America	Ecuador	EC	Manabí	Manta	San Lorenzo	ND	510529	9881317	WGS84 17S	UTM	NO SE PUDO DETERMINAR LA POSIBLE CAUSA
30	event	es	https://creativecommons.org/licenses/by-nc/4.0/	Ministerio del Ambiente, Agua y Transición Ecológica	CC BY-NC 4.0	Ministerio del Ambiente, Agua y Transición Ecológica. 2021. Registro de varamientos de megafauna marina en Ecuador continental, Ecuador.	https://www.researchgate.net/publication/336722056_PROTOCOLO_DE_RESPUESTA_A_VARAMIENTOS_DE_ESPECIES_MARINAS_EN_ECUADOR	http://www.ambiente.gob.ec	Registro de varamientos de megafauna marina en Ecuador continental	MAAE	HumanObservation	ninguna 	ND	EC:AAN:VAR:201509:002	2015-09-14	2015	9	14	Lopez, Angel	ND	muerto	hembra	ND	1	ND	ND	enterrado	ND	ND	ec.bio.spp.45446	Chelonia mydas	Animalia|Chordata|Sauropsida|Testudines|Cheloniidae|Chelonia	Animalia	Chordata	Sauropsida	Testudines	Cheloniidae	Chelonia	mydas	Tortuga verde	South America	Ecuador	EC	Manabí	Manta	La Botada	ND	510343	9881798	WGS84 17S	UTM	VARAMIENTO POR POSIBLE COLISIÓN CON EMBARCACIÓN (FRACTURA EN CABEZA Y CAPARAZÓN)
31	event	es	https://creativecommons.org/licenses/by-nc/4.0/	Ministerio del Ambiente, Agua y Transición Ecológica	CC BY-NC 4.0	Ministerio del Ambiente, Agua y Transición Ecológica. 2021. Registro de varamientos de megafauna marina en Ecuador continental, Ecuador.	https://www.researchgate.net/publication/336722056_PROTOCOLO_DE_RESPUESTA_A_VARAMIENTOS_DE_ESPECIES_MARINAS_EN_ECUADOR	http://www.ambiente.gob.ec	Registro de varamientos de megafauna marina en Ecuador continental	MAAE	HumanObservation	ninguna 	ND	EC:AAN:VAR:201509:003	2015-09-15	2015	9	15	Lopez, Angel	ND	muerto	hembra	ND	1	ND	ND	enterrado	ND	ND	ec.bio.spp.45446	Chelonia mydas	Animalia|Chordata|Sauropsida|Testudines|Cheloniidae|Chelonia	Animalia	Chordata	Sauropsida	Testudines	Cheloniidae	Chelonia	mydas	Tortuga verde	South America	Ecuador	EC	Manabí	Manta	La Botada	ND	510752	9884410	WGS84 17S	UTM	VARAMIENTO POR POSIBLE COLISIÓN CON EMBARCACIÓN (FRACTURA EN CABEZA)
32	event	es	https://creativecommons.org/licenses/by-nc/4.0/	Ministerio del Ambiente, Agua y Transición Ecológica	CC BY-NC 4.0	Ministerio del Ambiente, Agua y Transición Ecológica. 2021. Registro de varamientos de megafauna marina en Ecuador continental, Ecuador.	https://www.researchgate.net/publication/336722056_PROTOCOLO_DE_RESPUESTA_A_VARAMIENTOS_DE_ESPECIES_MARINAS_EN_ECUADOR	http://www.ambiente.gob.ec	Registro de varamientos de megafauna marina en Ecuador continental	MAAE	HumanObservation	ninguna 	ND	EC:AAN:VAR:201509:004	2015-09-15	2015	9	15	Sanchez, Ivan	ND	muerto	hembra	ND	1	ND	ND	enterrado	ND	ND	ec.bio.spp.45448	Lepidochelys olivacea	Animalia|Chordata|Sauropsida|Testudines|Cheloniidae|Lepidochelys	Animalia	Chordata	Sauropsida	Testudines	Cheloniidae	Lepidochelys	olivacea	Tortuga golfina	South America	Ecuador	EC	Manabí	Manta	El Abra	ND	511421	9878641	WGS84 17S	UTM	NO SE PUDO DETERMINAR LA POSIBLE CAUSA
33	event	es	https://creativecommons.org/licenses/by-nc/4.0/	Ministerio del Ambiente, Agua y Transición Ecológica	CC BY-NC 4.0	Ministerio del Ambiente, Agua y Transición Ecológica. 2021. Registro de varamientos de megafauna marina en Ecuador continental, Ecuador.	https://www.researchgate.net/publication/336722056_PROTOCOLO_DE_RESPUESTA_A_VARAMIENTOS_DE_ESPECIES_MARINAS_EN_ECUADOR	http://www.ambiente.gob.ec	Registro de varamientos de megafauna marina en Ecuador continental	MAAE	HumanObservation	ninguna 	ND	EC:AAN:VAR:201509:005	2015-09-17	2015	9	17	Sanchez, Ivan	ND	muerto	hembra	ND	1	ND	ND	enterrado	ND	ND	ec.bio.spp.45448	Lepidochelys olivacea	Animalia|Chordata|Sauropsida|Testudines|Cheloniidae|Lepidochelys	Animalia	Chordata	Sauropsida	Testudines	Cheloniidae	Lepidochelys	olivacea	Tortuga golfina	South America	Ecuador	EC	Manabí	Manta	El Abra	ND	511438	9878503	WGS84 17S	UTM	NO SE PUDO DETERMINAR LA POSIBLE CAUSA, EL CUERPO DE LA TORTUGA NO PRESENTABA  LA CABEZA
34	event	es	https://creativecommons.org/licenses/by-nc/4.0/	Ministerio del Ambiente, Agua y Transición Ecológica	CC BY-NC 4.0	Ministerio del Ambiente, Agua y Transición Ecológica. 2021. Registro de varamientos de megafauna marina en Ecuador continental, Ecuador.	https://www.researchgate.net/publication/336722056_PROTOCOLO_DE_RESPUESTA_A_VARAMIENTOS_DE_ESPECIES_MARINAS_EN_ECUADOR	http://www.ambiente.gob.ec	Registro de varamientos de megafauna marina en Ecuador continental	MAAE	HumanObservation	ninguna 	ND	EC:AAN:VAR:201509:006	2015-09-17	2015	9	17	Sanchez, Ivan	ND	muerto	hembra	ND	1	ND	ND	enterrado	ND	ND	ec.bio.spp.45448	Lepidochelys olivacea	Animalia|Chordata|Sauropsida|Testudines|Cheloniidae|Lepidochelys	Animalia	Chordata	Sauropsida	Testudines	Cheloniidae	Lepidochelys	olivacea	Tortuga golfina	South America	Ecuador	EC	Manabí	Manta	El Abra	ND	511411	9878620	WGS84 17S	UTM	NO SE PUDO DETERMINAR LA POSIBLE CAUSA, EL CUERPO DE LA TORTUGA NO PRESENTABA  LA CABEZA NI ALETAS
35	event	es	https://creativecommons.org/licenses/by-nc/4.0/	Ministerio del Ambiente, Agua y Transición Ecológica	CC BY-NC 4.0	Ministerio del Ambiente, Agua y Transición Ecológica. 2021. Registro de varamientos de megafauna marina en Ecuador continental, Ecuador.	https://www.researchgate.net/publication/336722056_PROTOCOLO_DE_RESPUESTA_A_VARAMIENTOS_DE_ESPECIES_MARINAS_EN_ECUADOR	http://www.ambiente.gob.ec	Registro de varamientos de megafauna marina en Ecuador continental	MAAE	HumanObservation	ninguna 	ND	EC:AAN:VAR:201509:007	2015-09-30	2015	9	30	Lara, Fausto	ND	muerto	hembra	ND	1	ND	ND	enterrado	ND	ND	ec.bio.spp.45446	Chelonia mydas	Animalia|Chordata|Sauropsida|Testudines|Cheloniidae|Chelonia	Animalia	Chordata	Sauropsida	Testudines	Cheloniidae	Chelonia	mydas	Tortuga verde	South America	Ecuador	EC	Manabí	Manta	San Lorenzo	ND	510385	9881593	WGS84 17S	UTM	AVANZADA DESCOMPOSICIÓN, PRESENTÓ AUSENCIA DE CABEZA Y EXTREMIDADES  DEBIDO A POSIBLE FAUNA MARINA CARROÑERA
36	event	es	https://creativecommons.org/licenses/by-nc/4.0/	Ministerio del Ambiente, Agua y Transición Ecológica	CC BY-NC 4.0	Ministerio del Ambiente, Agua y Transición Ecológica. 2021. Registro de varamientos de megafauna marina en Ecuador continental, Ecuador.	https://www.researchgate.net/publication/336722056_PROTOCOLO_DE_RESPUESTA_A_VARAMIENTOS_DE_ESPECIES_MARINAS_EN_ECUADOR	http://www.ambiente.gob.ec	Registro de varamientos de megafauna marina en Ecuador continental	MAAE	HumanObservation	ninguna 	ND	EC:AAN:VAR:201509:008	2015-09-16	2015	9	16	Zambrano, Juan	ND	muerto	ND	ND	1	ND	N	enterrado	ND	ND	ec.bio.spp.45781	Zalophus wollebaeki	Animalia|Chordata|Mammalia|Carnivora|Otariidae|Zalophus	Animalia	Chordata	Mammalia	Carnivora	Otariidae	Zalophus	wollebaeki	León marino de Galápagos	South America	Ecuador	EC	Manabí	Manta	Rio Caña	ND	511004	9880217	WGS84 17S	UTM	ND
37	event	es	https://creativecommons.org/licenses/by-nc/4.0/	Ministerio del Ambiente, Agua y Transición Ecológica	CC BY-NC 4.0	Ministerio del Ambiente, Agua y Transición Ecológica. 2021. Registro de varamientos de megafauna marina en Ecuador continental, Ecuador.	https://www.researchgate.net/publication/336722056_PROTOCOLO_DE_RESPUESTA_A_VARAMIENTOS_DE_ESPECIES_MARINAS_EN_ECUADOR	http://www.ambiente.gob.ec	Registro de varamientos de megafauna marina en Ecuador continental	MAAE	HumanObservation	ninguna 	ND	EC:AAN:VAR:201510:001	2015-10-03	2015	10	3	Lara, Fausto	ND	muerto	hembra	ND	1	ND	ND	enterrado	ND	ND	ec.bio.spp.45448	Lepidochelys olivacea	Animalia|Chordata|Sauropsida|Testudines|Cheloniidae|Lepidochelys	Animalia	Chordata	Sauropsida	Testudines	Cheloniidae	Lepidochelys	olivacea	Tortuga golfina	South America	Ecuador	EC	Manabí	Manta	San Lorenzo	ND	510849	9880664	WGS84 17S	UTM	PRESENTABA AVANZADA DESCOMPOSICIÓN Y AUSENCIA DE CABEZA.
38	event	es	https://creativecommons.org/licenses/by-nc/4.0/	Ministerio del Ambiente, Agua y Transición Ecológica	CC BY-NC 4.0	Ministerio del Ambiente, Agua y Transición Ecológica. 2021. Registro de varamientos de megafauna marina en Ecuador continental, Ecuador.	https://www.researchgate.net/publication/336722056_PROTOCOLO_DE_RESPUESTA_A_VARAMIENTOS_DE_ESPECIES_MARINAS_EN_ECUADOR	http://www.ambiente.gob.ec	Registro de varamientos de megafauna marina en Ecuador continental	MAAE	HumanObservation	ninguna 	ND	EC:AAN:VAR:201510:002	2015-10-03	2015	10	3	Lara, Fausto	ND	muerto	hembra	ND	1	ND	ND	enterrado	ND	ND	ec.bio.spp.45448	Lepidochelys olivacea	Animalia|Chordata|Sauropsida|Testudines|Cheloniidae|Lepidochelys	Animalia	Chordata	Sauropsida	Testudines	Cheloniidae	Lepidochelys	olivacea	Tortuga golfina	South America	Ecuador	EC	Manabí	Manta	San Lorenzo	ND	510785	9880770	WGS84 17S	UTM	PRESENTÓ LÍNEA DE SEDAL DE ANZUELO SALIENDO DESDE EL  ESÓFAGO (INTERACCIÓN CON PESQUERÍA)
39	event	es	https://creativecommons.org/licenses/by-nc/4.0/	Ministerio del Ambiente, Agua y Transición Ecológica	CC BY-NC 4.0	Ministerio del Ambiente, Agua y Transición Ecológica. 2021. Registro de varamientos de megafauna marina en Ecuador continental, Ecuador.	https://www.researchgate.net/publication/336722056_PROTOCOLO_DE_RESPUESTA_A_VARAMIENTOS_DE_ESPECIES_MARINAS_EN_ECUADOR	http://www.ambiente.gob.ec	Registro de varamientos de megafauna marina en Ecuador continental	MAAE	HumanObservation	ninguna 	ND	EC:AAN:VAR:201510:003	2015-10-11	2015	10	11	Reyes, Victor	ND	muerto	hembra	ND	1	ND	ND	enterrado	ND	ND	ec.bio.spp.45448	Lepidochelys olivacea	Animalia|Chordata|Sauropsida|Testudines|Cheloniidae|Lepidochelys	Animalia	Chordata	Sauropsida	Testudines	Cheloniidae	Lepidochelys	olivacea	Tortuga golfina	South America	Ecuador	EC	Manabí	Manta	Liguiqui	ND	513077	9886556	WGS84 17S	UTM	PRESENTABA DAÑO DE ARPON EN CABEZA
40	event	es	https://creativecommons.org/licenses/by-nc/4.0/	Ministerio del Ambiente, Agua y Transición Ecológica	CC BY-NC 4.0	Ministerio del Ambiente, Agua y Transición Ecológica. 2021. Registro de varamientos de megafauna marina en Ecuador continental, Ecuador.	https://www.researchgate.net/publication/336722056_PROTOCOLO_DE_RESPUESTA_A_VARAMIENTOS_DE_ESPECIES_MARINAS_EN_ECUADOR	http://www.ambiente.gob.ec	Registro de varamientos de megafauna marina en Ecuador continental	MAAE	HumanObservation	ninguna 	ND	EC:AAN:VAR:201510:004	2015-10-18	2015	10	18	Sanchez, Ivan	ND	muerto	hembra	ND	1	ND	ND	enterrado	ND	ND	ec.bio.spp.45448	Lepidochelys olivacea	Animalia|Chordata|Sauropsida|Testudines|Cheloniidae|Lepidochelys	Animalia	Chordata	Sauropsida	Testudines	Cheloniidae	Lepidochelys	olivacea	Tortuga golfina	South America	Ecuador	EC	Manabí	Manta	San Lorenzo	ND	510255	9881851	WGS84 17S	UTM	PRESENTABA FRACTURA EN ALETA DERECHA, POSIBLE INTERACCIÓN CON PESQUERÍA
41	event	es	https://creativecommons.org/licenses/by-nc/4.0/	Ministerio del Ambiente, Agua y Transición Ecológica	CC BY-NC 4.0	Ministerio del Ambiente, Agua y Transición Ecológica. 2021. Registro de varamientos de megafauna marina en Ecuador continental, Ecuador.	https://www.researchgate.net/publication/336722056_PROTOCOLO_DE_RESPUESTA_A_VARAMIENTOS_DE_ESPECIES_MARINAS_EN_ECUADOR	http://www.ambiente.gob.ec	Registro de varamientos de megafauna marina en Ecuador continental	MAAE	HumanObservation	ninguna 	ND	EC:AAN:VAR:201510:005	2015-10-18	2015	10	18	Sanchez, Ivan	ND	vivo	hembra	ND	1	ND	ND	enviado a centro de rehabilitación	ND	ND	ec.bio.spp.45446	Chelonia mydas	Animalia|Chordata|Sauropsida|Testudines|Cheloniidae|Chelonia	Animalia	Chordata	Sauropsida	Testudines	Cheloniidae	Chelonia	mydas	Tortuga verde	South America	Ecuador	EC	Manabí	Portoviejo	Crucita	ND	ND	ND	WGS84 17S	UTM	MEDIANTE DENUNCIA 911, SE REPORTÓ VARAMIENTO EN PLAYA CRUCITA. GUARDAPARQUE TRASLADARON TORTUGA HASTA CENTRO REHABILITACIÓN EN PNM. PRESENTABA ANZUELO EN ESÓFAGO
42	event	es	https://creativecommons.org/licenses/by-nc/4.0/	Ministerio del Ambiente, Agua y Transición Ecológica	CC BY-NC 4.0	Ministerio del Ambiente, Agua y Transición Ecológica. 2021. Registro de varamientos de megafauna marina en Ecuador continental, Ecuador.	https://www.researchgate.net/publication/336722056_PROTOCOLO_DE_RESPUESTA_A_VARAMIENTOS_DE_ESPECIES_MARINAS_EN_ECUADOR	http://www.ambiente.gob.ec	Registro de varamientos de megafauna marina en Ecuador continental	MAAE	HumanObservation	ninguna 	ND	EC:AAN:VAR:201510:006	2015-10-18	2015	10	18	Sanchez, Ivan	ND	vivo	hembra	ND	1	ND	ND	enviado a centro de rehabilitación	ND	ND	ec.bio.spp.45446	Chelonia mydas	Animalia|Chordata|Sauropsida|Testudines|Cheloniidae|Chelonia	Animalia	Chordata	Sauropsida	Testudines	Cheloniidae	Chelonia	mydas	Tortuga verde	South America	Ecuador	EC	Manabí	Manta	San Lorenzo	ND	510554	9881319	WGS84 17S	UTM	EVALUACIÓN MÉDICA REFIRIO LA PRESENCIA DE AGUA EN PULMONES. GUARDAPARQUE TRASLADARON  TORTUGA HASTA CENTRO REHABILITACIÓN EN PNM
43	event	es	https://creativecommons.org/licenses/by-nc/4.0/	Ministerio del Ambiente, Agua y Transición Ecológica	CC BY-NC 4.0	Ministerio del Ambiente, Agua y Transición Ecológica. 2021. Registro de varamientos de megafauna marina en Ecuador continental, Ecuador.	https://www.researchgate.net/publication/336722056_PROTOCOLO_DE_RESPUESTA_A_VARAMIENTOS_DE_ESPECIES_MARINAS_EN_ECUADOR	http://www.ambiente.gob.ec	Registro de varamientos de megafauna marina en Ecuador continental	MAAE	HumanObservation	ninguna 	ND	EC:AAN:VAR:201510:007	2015-10-21	2015	10	21	Lopez, Angel	ND	muerto	hembra	ND	1	ND	ND	enterrado	ND	ND	ec.bio.spp.45448	Lepidochelys olivacea	Animalia|Chordata|Sauropsida|Testudines|Cheloniidae|Lepidochelys	Animalia	Chordata	Sauropsida	Testudines	Cheloniidae	Lepidochelys	olivacea	Tortuga golfina	South America	Ecuador	EC	Manabí	Manta	Las Piñas	ND	511228	9879414	WGS84 17S	UTM	PRESENTABA GOLPE EN CAPARAZÓN DEBIDO A POSIBLE COLISIÓN CON EMBARCACIÓN
44	event	es	https://creativecommons.org/licenses/by-nc/4.0/	Ministerio del Ambiente, Agua y Transición Ecológica	CC BY-NC 4.0	Ministerio del Ambiente, Agua y Transición Ecológica. 2021. Registro de varamientos de megafauna marina en Ecuador continental, Ecuador.	https://www.researchgate.net/publication/336722056_PROTOCOLO_DE_RESPUESTA_A_VARAMIENTOS_DE_ESPECIES_MARINAS_EN_ECUADOR	http://www.ambiente.gob.ec	Registro de varamientos de megafauna marina en Ecuador continental	MAAE	HumanObservation	ninguna 	ND	EC:AAN:VAR:201510:008	2015-10-07	2015	10	7	Sanchez, Ivan	ND	muerto	ND	ND	1	ND	ND	enterrado	ND	ND	ec.bio.spp.45778	Arctocephalus australis	Animalia|Chordata|Mammalia|Carnivora|Otariidae|Arctophoca	Animalia	Chordata	Mammalia	Carnivora	Otariidae	Arctophoca	australis	Lobo marino de Galápagos	South America	Ecuador	EC	Manabí	Manta	La Botada	ND	510758	9884702	WGS84 17S	UTM	ND
45	event	es	https://creativecommons.org/licenses/by-nc/4.0/	Ministerio del Ambiente, Agua y Transición Ecológica	CC BY-NC 4.0	Ministerio del Ambiente, Agua y Transición Ecológica. 2021. Registro de varamientos de megafauna marina en Ecuador continental, Ecuador.	https://www.researchgate.net/publication/336722056_PROTOCOLO_DE_RESPUESTA_A_VARAMIENTOS_DE_ESPECIES_MARINAS_EN_ECUADOR	http://www.ambiente.gob.ec	Registro de varamientos de megafauna marina en Ecuador continental	MAAE	HumanObservation	ninguna 	ND	EC:AAN:VAR:201510:009	2015-10-11	2015	10	11	Sanchez, Ivan	ND	muerto	hembra	ND	1	ND	ND	enterrado	ND	ND	ec.bio.spp.45778	Arctocephalus australis	Animalia|Chordata|Mammalia|Carnivora|Otariidae|Arctophoca	Animalia	Chordata	Mammalia	Carnivora	Otariidae	Arctophoca	australis	Lobo marino de Galápagos	South America	Ecuador	EC	Manabí	Manta	Santa Marianita	ND	518124	9892639	WGS84 17S	UTM	ND
46	event	es	https://creativecommons.org/licenses/by-nc/4.0/	Ministerio del Ambiente, Agua y Transición Ecológica	CC BY-NC 4.0	Ministerio del Ambiente, Agua y Transición Ecológica. 2021. Registro de varamientos de megafauna marina en Ecuador continental, Ecuador.	https://www.researchgate.net/publication/336722056_PROTOCOLO_DE_RESPUESTA_A_VARAMIENTOS_DE_ESPECIES_MARINAS_EN_ECUADOR	http://www.ambiente.gob.ec	Registro de varamientos de megafauna marina en Ecuador continental	MAAE	HumanObservation	ninguna 	ND	EC:AAN:VAR:201510:010	2015-10-12	2015	10	12	Pincay, Ronald	ND	vivo	hembra	ND	1	ND	ND	enviado a centro de rehabilitación	ND	ND	ec.bio.spp.45778	Arctocephalus australis	Animalia|Chordata|Mammalia|Carnivora|Otariidae|Arctophoca	Animalia	Chordata	Mammalia	Carnivora	Otariidae	Arctophoca	australis	Lobo marino de Galápagos	South America	Ecuador	EC	Manabí	Manta	Santa Marianita	ND	518867	9894233	WGS84 17S	UTM	Animal murió días despues
47	event	es	https://creativecommons.org/licenses/by-nc/4.0/	Ministerio del Ambiente, Agua y Transición Ecológica	CC BY-NC 4.0	Ministerio del Ambiente, Agua y Transición Ecológica. 2021. Registro de varamientos de megafauna marina en Ecuador continental, Ecuador.	https://www.researchgate.net/publication/336722056_PROTOCOLO_DE_RESPUESTA_A_VARAMIENTOS_DE_ESPECIES_MARINAS_EN_ECUADOR	http://www.ambiente.gob.ec	Registro de varamientos de megafauna marina en Ecuador continental	MAAE	HumanObservation	ninguna 	ND	EC:AAN:VAR:201510:011	2015-10-13	2015	10	13	Lara, Fausto	ND	muerto	hembra	ND	1	ND	ND	enterrado	ND	ND	ec.bio.spp.45778	Arctocephalus australis	Animalia|Chordata|Mammalia|Carnivora|Otariidae|Arctophoca	Animalia	Chordata	Mammalia	Carnivora	Otariidae	Arctophoca	australis	Lobo marino de Galápagos	South America	Ecuador	EC	Manabí	Manta	La Botada	ND	510431	9883341	WGS84 17S	UTM	ND
48	event	es	https://creativecommons.org/licenses/by-nc/4.0/	Ministerio del Ambiente, Agua y Transición Ecológica	CC BY-NC 4.0	Ministerio del Ambiente, Agua y Transición Ecológica. 2021. Registro de varamientos de megafauna marina en Ecuador continental, Ecuador.	https://www.researchgate.net/publication/336722056_PROTOCOLO_DE_RESPUESTA_A_VARAMIENTOS_DE_ESPECIES_MARINAS_EN_ECUADOR	http://www.ambiente.gob.ec	Registro de varamientos de megafauna marina en Ecuador continental	MAAE	HumanObservation	ninguna 	ND	EC:AAN:VAR:201510:012	2015-10-17	2015	10	17	Sanchez, Ivan	ND	muerto	ND	ND	1	ND	ND	enterrado	ND	ND	ec.bio.spp.48381	Phoebastria irrorata	Animalia|Chordata|Aves|Procellariiformes|Diomedeidae|Phoebastria	Animalia	Chordata	Aves	Procellariiformes	Diomedeidae	Phoebastria	irrorata	Albatros de las Galápagos	South America	Ecuador	EC	Manabí	Manta	San Lorenzo	ND	510008	9882332	WGS84 17S	UTM	ND
49	event	es	https://creativecommons.org/licenses/by-nc/4.0/	Ministerio del Ambiente, Agua y Transición Ecológica	CC BY-NC 4.0	Ministerio del Ambiente, Agua y Transición Ecológica. 2021. Registro de varamientos de megafauna marina en Ecuador continental, Ecuador.	https://www.researchgate.net/publication/336722056_PROTOCOLO_DE_RESPUESTA_A_VARAMIENTOS_DE_ESPECIES_MARINAS_EN_ECUADOR	http://www.ambiente.gob.ec	Registro de varamientos de megafauna marina en Ecuador continental	MAAE	HumanObservation	ninguna 	ND	EC:AAN:VAR:201510:013	2015-10-18	2015	10	18	Sanchez, Ivan	ND	muerto	ND	ND	1	ND	ND	enterrado	ND	ND	ec.bio.spp.45778	Arctocephalus australis	Animalia|Chordata|Mammalia|Carnivora|Otariidae|Arctophoca	Animalia	Chordata	Mammalia	Carnivora	Otariidae	Arctophoca	australis	Lobo marino de Galápagos	South America	Ecuador	EC	Manabí	Manta	San Lorenzo	ND	519857	9882620	WGS84 17S	UTM	ND
50	event	es	https://creativecommons.org/licenses/by-nc/4.0/	Ministerio del Ambiente, Agua y Transición Ecológica	CC BY-NC 4.0	Ministerio del Ambiente, Agua y Transición Ecológica. 2021. Registro de varamientos de megafauna marina en Ecuador continental, Ecuador.	https://www.researchgate.net/publication/336722056_PROTOCOLO_DE_RESPUESTA_A_VARAMIENTOS_DE_ESPECIES_MARINAS_EN_ECUADOR	http://www.ambiente.gob.ec	Registro de varamientos de megafauna marina en Ecuador continental	MAAE	HumanObservation	ninguna 	ND	EC:AAN:VAR:201511:001	2015-10-02	2015	10	2	ND	ND	VIVO	ND	ND	1	ND	ND	enviado a centro de rehabilitación	ND	ND	ec.bio.spp.45446	Chelonia mydas	Animalia|Chordata|Sauropsida|Testudines|Cheloniidae|Chelonia	Animalia	Chordata	Sauropsida	Testudines	Cheloniidae	Chelonia	mydas	Tortuga verde	South America	Ecuador	EC	Manabí	Sucre	Bahia	ND	ND	ND	WGS84 17S	UTM	RESCATE
51	event	es	https://creativecommons.org/licenses/by-nc/4.0/	Ministerio del Ambiente, Agua y Transición Ecológica	CC BY-NC 4.0	Ministerio del Ambiente, Agua y Transición Ecológica. 2021. Registro de varamientos de megafauna marina en Ecuador continental, Ecuador.	https://www.researchgate.net/publication/336722056_PROTOCOLO_DE_RESPUESTA_A_VARAMIENTOS_DE_ESPECIES_MARINAS_EN_ECUADOR	http://www.ambiente.gob.ec	Registro de varamientos de megafauna marina en Ecuador continental	MAAE	HumanObservation	ninguna 	ND	EC:AAN:VAR:201511:002	2015-10-03	2015	10	3	ND	ND	MUERTO	ND	ND	1	ND	ND	enterrado	ND	ND	ec.bio.spp.45448	Lepidochelys olivacea	Animalia|Chordata|Sauropsida|Testudines|Cheloniidae|Lepidochelys	Animalia	Chordata	Sauropsida	Testudines	Cheloniidae	Lepidochelys	olivacea	Tortuga golfina	South America	Ecuador	EC	Manabí	Manta	Santa Marianita	ND	518384	9893172	WGS84 17S	UTM	DESCOMPOSICIÓN NO. 3
52	event	es	https://creativecommons.org/licenses/by-nc/4.0/	Ministerio del Ambiente, Agua y Transición Ecológica	CC BY-NC 4.0	Ministerio del Ambiente, Agua y Transición Ecológica. 2021. Registro de varamientos de megafauna marina en Ecuador continental, Ecuador.	https://www.researchgate.net/publication/336722056_PROTOCOLO_DE_RESPUESTA_A_VARAMIENTOS_DE_ESPECIES_MARINAS_EN_ECUADOR	http://www.ambiente.gob.ec	Registro de varamientos de megafauna marina en Ecuador continental	MAAE	HumanObservation	ninguna 	ND	EC:AAN:VAR:201511:003	2015-10-03	2015	10	3	Sanchez, Ivan	ND	MUERTO	ND	ND	1	ND	ND	enterrado	ND	ND	ec.bio.spp.45780	Otaria flavescens	Animalia|Chordata|Mammalia|Carnivora|Otariidae|Otaria	Animalia	Chordata	Mammalia	Carnivora	Otariidae	Otaria	flavescens	Lobo marino	South America	Ecuador	EC	Manabí	Manta	San Lorenzo	ND	510607	9881093	WGS84 17S	UTM	Muerte por interacción pesquera
53	event	es	https://creativecommons.org/licenses/by-nc/4.0/	Ministerio del Ambiente, Agua y Transición Ecológica	CC BY-NC 4.0	Ministerio del Ambiente, Agua y Transición Ecológica. 2021. Registro de varamientos de megafauna marina en Ecuador continental, Ecuador.	https://www.researchgate.net/publication/336722056_PROTOCOLO_DE_RESPUESTA_A_VARAMIENTOS_DE_ESPECIES_MARINAS_EN_ECUADOR	http://www.ambiente.gob.ec	Registro de varamientos de megafauna marina en Ecuador continental	MAAE	HumanObservation	ninguna 	ND	EC:AAN:VAR:201511:004	2015-10-03	2015	10	3	Pincay, Ronald	ND	MUERTO	ND	ND	1	ND	ND	enterrado	ND	ND	ec.bio.spp.45780	Otaria flavescens	Animalia|Chordata|Mammalia|Carnivora|Otariidae|Otaria	Animalia	Chordata	Mammalia	Carnivora	Otariidae	Otaria	flavescens	Lobo marino	South America	Ecuador	EC	Manabí	Manta	San Lorenzo	ND	510277	9881781	WGS84 17S	UTM	Muerte por interacción pesquera
54	event	es	https://creativecommons.org/licenses/by-nc/4.0/	Ministerio del Ambiente, Agua y Transición Ecológica	CC BY-NC 4.0	Ministerio del Ambiente, Agua y Transición Ecológica. 2021. Registro de varamientos de megafauna marina en Ecuador continental, Ecuador.	https://www.researchgate.net/publication/336722056_PROTOCOLO_DE_RESPUESTA_A_VARAMIENTOS_DE_ESPECIES_MARINAS_EN_ECUADOR	http://www.ambiente.gob.ec	Registro de varamientos de megafauna marina en Ecuador continental	MAAE	HumanObservation	ninguna 	ND	EC:AAN:VAR:201511:005	2015-10-03	2015	10	3	Lopez, Angel	ND	MUERTO	ND	ND	1	ND	ND	enterrado	ND	ND	ND	ND	Animalia|Chordata|Mammalia|Carnivora|Otariidae|ND	Animalia	Chordata	Mammalia	Carnivora	Otariidae	ND	ND	ND	South America	Ecuador	EC	Manabí	Manta	San Lorenzo	ND	510230	9881936	WGS84 17S	UTM	ND
55	event	es	https://creativecommons.org/licenses/by-nc/4.0/	Ministerio del Ambiente, Agua y Transición Ecológica	CC BY-NC 4.0	Ministerio del Ambiente, Agua y Transición Ecológica. 2021. Registro de varamientos de megafauna marina en Ecuador continental, Ecuador.	https://www.researchgate.net/publication/336722056_PROTOCOLO_DE_RESPUESTA_A_VARAMIENTOS_DE_ESPECIES_MARINAS_EN_ECUADOR	http://www.ambiente.gob.ec	Registro de varamientos de megafauna marina en Ecuador continental	MAAE	HumanObservation	ninguna 	ND	EC:AAN:VAR:201511:006	2015-10-05	2015	10	5	Lopez, Yandry	ND	MUERTO	ND	ND	1	ND	ND	enterrado	ND	ND	ec.bio.spp.45448	Lepidochelys olivacea	Animalia|Chordata|Sauropsida|Testudines|Cheloniidae|Lepidochelys	Animalia	Chordata	Sauropsida	Testudines	Cheloniidae	Lepidochelys	olivacea	Tortuga golfina	South America	Ecuador	EC	Manabí	Manta	San Lorenzo	ND	510122	9882130	WGS84 17S	UTM	DESCOMPOSICIÓN NO. 3
56	event	es	https://creativecommons.org/licenses/by-nc/4.0/	Ministerio del Ambiente, Agua y Transición Ecológica	CC BY-NC 4.0	Ministerio del Ambiente, Agua y Transición Ecológica. 2021. Registro de varamientos de megafauna marina en Ecuador continental, Ecuador.	https://www.researchgate.net/publication/336722056_PROTOCOLO_DE_RESPUESTA_A_VARAMIENTOS_DE_ESPECIES_MARINAS_EN_ECUADOR	http://www.ambiente.gob.ec	Registro de varamientos de megafauna marina en Ecuador continental	MAAE	HumanObservation	ninguna 	ND	EC:AAN:VAR:201511:007	2015-10-14	2015	10	14	Taffur, Andrés	ND	MUERTO	ND	ND	1	ND	ND	enterrado	ND	ND	ec.bio.spp.45448	Lepidochelys olivacea	Animalia|Chordata|Sauropsida|Testudines|Cheloniidae|Lepidochelys	Animalia	Chordata	Sauropsida	Testudines	Cheloniidae	Lepidochelys	olivacea	Tortuga golfina	South America	Ecuador	EC	Manabí	Manta	San Lorenzo	ND	510229	9881925	WGS84 17S	UTM	DESCOMPOSICIÓN NO. 3
57	event	es	https://creativecommons.org/licenses/by-nc/4.0/	Ministerio del Ambiente, Agua y Transición Ecológica	CC BY-NC 4.0	Ministerio del Ambiente, Agua y Transición Ecológica. 2021. Registro de varamientos de megafauna marina en Ecuador continental, Ecuador.	https://www.researchgate.net/publication/336722056_PROTOCOLO_DE_RESPUESTA_A_VARAMIENTOS_DE_ESPECIES_MARINAS_EN_ECUADOR	http://www.ambiente.gob.ec	Registro de varamientos de megafauna marina en Ecuador continental	MAAE	HumanObservation	ninguna 	ND	EC:AAN:VAR:201511:008	2015-10-16	2015	10	16	ND	ND	VIVO	ND	ND	1	ND	ND	enviado a centro de rehabilitación	ND	ND	ec.bio.spp.45448	Lepidochelys olivacea	Animalia|Chordata|Sauropsida|Testudines|Cheloniidae|Lepidochelys	Animalia	Chordata	Sauropsida	Testudines	Cheloniidae	Lepidochelys	olivacea	Tortuga golfina	South America	Ecuador	EC	Manabí	Manta	San Lorenzo	ND	510232	9881984	WGS84 17S	UTM	RESCATE
58	event	es	https://creativecommons.org/licenses/by-nc/4.0/	Ministerio del Ambiente, Agua y Transición Ecológica	CC BY-NC 4.0	Ministerio del Ambiente, Agua y Transición Ecológica. 2021. Registro de varamientos de megafauna marina en Ecuador continental, Ecuador.	https://www.researchgate.net/publication/336722056_PROTOCOLO_DE_RESPUESTA_A_VARAMIENTOS_DE_ESPECIES_MARINAS_EN_ECUADOR	http://www.ambiente.gob.ec	Registro de varamientos de megafauna marina en Ecuador continental	MAAE	HumanObservation	ninguna 	ND	EC:AAN:VAR:201511:009	2015-10-16	2015	10	16	Pincay, Ronald	ND	MUERTO	ND	ND	1	ND	ND	enterrado	ND	ND	ec.bio.spp.45780	Otaria flavescens	Animalia|Chordata|Mammalia|Carnivora|Otariidae|Otaria	Animalia	Chordata	Mammalia	Carnivora	Otariidae	Otaria	flavescens	Lobo marino	South America	Ecuador	EC	Manabí	Manta	San Lorenzo	ND	510621	9881072	WGS84 17S	UTM	Muerte por interacción pesquera
59	event	es	https://creativecommons.org/licenses/by-nc/4.0/	Ministerio del Ambiente, Agua y Transición Ecológica	CC BY-NC 4.0	Ministerio del Ambiente, Agua y Transición Ecológica. 2021. Registro de varamientos de megafauna marina en Ecuador continental, Ecuador.	https://www.researchgate.net/publication/336722056_PROTOCOLO_DE_RESPUESTA_A_VARAMIENTOS_DE_ESPECIES_MARINAS_EN_ECUADOR	http://www.ambiente.gob.ec	Registro de varamientos de megafauna marina en Ecuador continental	MAAE	HumanObservation	ninguna 	ND	EC:AAN:VAR:201511:010	2015-10-16	2015	10	16	Pincay, Ronald	ND	VIVO	ND	ND	1	ND	ND	enviado a centro de rehabilitación	ND	ND	ec.bio.spp.45448	Lepidochelys olivacea	Animalia|Chordata|Mammalia|Carnivora|Otariidae|Otaria	Animalia	Chordata	Sauropsida	Testudines	Cheloniidae	Lepidochelys	olivacea	Tortuga golfina	South America	Ecuador	EC	Manabí	Manta	San Lorenzo	ND	510232	98819842	WGS84 17S	UTM	Presentó fractura en aleta
60	event	es	https://creativecommons.org/licenses/by-nc/4.0/	Ministerio del Ambiente, Agua y Transición Ecológica	CC BY-NC 4.0	Ministerio del Ambiente, Agua y Transición Ecológica. 2021. Registro de varamientos de megafauna marina en Ecuador continental, Ecuador.	https://www.researchgate.net/publication/336722056_PROTOCOLO_DE_RESPUESTA_A_VARAMIENTOS_DE_ESPECIES_MARINAS_EN_ECUADOR	http://www.ambiente.gob.ec	Registro de varamientos de megafauna marina en Ecuador continental	MAAE	HumanObservation	ninguna 	ND	EC:AAN:VAR:201511:011	2015-10-19	2015	10	19	Taffur, Andrés	ND	VIVO	ND	ND	1	ND	ND	enviado a centro de rehabilitación	ND	ND	ec.bio.spp.45446	Chelonia mydas	Animalia|Chordata|Mammalia|Carnivora|Otariidae|Otaria	Animalia	Chordata	Sauropsida	Testudines	Cheloniidae	Chelonia	mydas	Tortuga verde	South America	Ecuador	EC	Manabí	Manta	San Lorenzo	ND	510869	9880584	WGS84 17S	UTM	RESCATE
61	event	es	https://creativecommons.org/licenses/by-nc/4.0/	Ministerio del Ambiente, Agua y Transición Ecológica	CC BY-NC 4.0	Ministerio del Ambiente, Agua y Transición Ecológica. 2021. Registro de varamientos de megafauna marina en Ecuador continental, Ecuador.	https://www.researchgate.net/publication/336722056_PROTOCOLO_DE_RESPUESTA_A_VARAMIENTOS_DE_ESPECIES_MARINAS_EN_ECUADOR	http://www.ambiente.gob.ec	Registro de varamientos de megafauna marina en Ecuador continental	MAAE	HumanObservation	ninguna 	ND	EC:AAN:VAR:201511:012	2015-10-19	2015	10	19	Taffur, Andrés	ND	VIVO	ND	ND	1	ND	ND	enviado a centro de rehabilitación	ND	ND	ec.bio.spp.45446	Chelonia mydas	Animalia|Chordata|Mammalia|Carnivora|Otariidae|ND	Animalia	Chordata	Sauropsida	Testudines	Cheloniidae	Chelonia	mydas	Tortuga verde	South America	Ecuador	EC	Manabí	Manta	San Lorenzo	ND	510869	9880584	WGS84 17S	UTM	Presentó deshidratación y ahogamiento
62	event	es	https://creativecommons.org/licenses/by-nc/4.0/	Ministerio del Ambiente, Agua y Transición Ecológica	CC BY-NC 4.0	Ministerio del Ambiente, Agua y Transición Ecológica. 2021. Registro de varamientos de megafauna marina en Ecuador continental, Ecuador.	https://www.researchgate.net/publication/336722056_PROTOCOLO_DE_RESPUESTA_A_VARAMIENTOS_DE_ESPECIES_MARINAS_EN_ECUADOR	http://www.ambiente.gob.ec	Registro de varamientos de megafauna marina en Ecuador continental	MAAE	HumanObservation	ninguna 	ND	EC:AAN:VAR:201512:001	2021-12-04	2021	12	4	Sanchez, Ivan	ND	muerto	hembra	ND	1	ND	ND	ND	ND	ND	ec.bio.spp.45446	Chelonia mydas	Animalia|Chordata|Sauropsida|Testudines|Cheloniidae|Lepidochelys	Animalia	Chordata	Sauropsida	Testudines	Cheloniidae	Chelonia	mydas	Tortuga verde	South America	Ecuador	EC	Manabí	Manta	Santa Marianita	ND	518594	9893557	WGS84 17S	UTM	Presentó fractura caparazón y anzuelo por interacción pesquería
63	event	es	https://creativecommons.org/licenses/by-nc/4.0/	Ministerio del Ambiente, Agua y Transición Ecológica	CC BY-NC 4.0	Ministerio del Ambiente, Agua y Transición Ecológica. 2021. Registro de varamientos de megafauna marina en Ecuador continental, Ecuador.	https://www.researchgate.net/publication/336722056_PROTOCOLO_DE_RESPUESTA_A_VARAMIENTOS_DE_ESPECIES_MARINAS_EN_ECUADOR	http://www.ambiente.gob.ec	Registro de varamientos de megafauna marina en Ecuador continental	MAAE	HumanObservation	ninguna 	ND	EC:AAN:VAR:201512:002	2021-12-14	2021	12	14	Lopez, Yandry	ND	muerto	macho	ND	1	ND	ND	ND	ND	ND	ec.bio.spp.45448	Lepidochelys olivacea	Animalia|Chordata|Sauropsida|Testudines|Cheloniidae|Lepidochelys	Animalia	Chordata	Sauropsida	Testudines	Cheloniidae	Lepidochelys	olivacea	Tortuga golfina	South America	Ecuador	EC	Manabí	Manta	San Lorenzo	ND	510342	9881683	WGS84 17S	UTM	AVANZADA DESCOMPOSICIÓN
64	event	es	https://creativecommons.org/licenses/by-nc/4.0/	Ministerio del Ambiente, Agua y Transición Ecológica	CC BY-NC 4.0	Ministerio del Ambiente, Agua y Transición Ecológica. 2021. Registro de varamientos de megafauna marina en Ecuador continental, Ecuador.	https://www.researchgate.net/publication/336722056_PROTOCOLO_DE_RESPUESTA_A_VARAMIENTOS_DE_ESPECIES_MARINAS_EN_ECUADOR	http://www.ambiente.gob.ec	Registro de varamientos de megafauna marina en Ecuador continental	MAAE	HumanObservation	ninguna 	ND	EC:AAN:VAR:201512:003	2021-12-15	2021	12	15	Lopez, Yandry	ND	muerto	hembra	ND	1	ND	ND	ND	ND	ND	ec.bio.spp.45446	Chelonia mydas	Animalia|Chordata|Sauropsida|Testudines|Cheloniidae|Lepidochelys	Animalia	Chordata	Sauropsida	Testudines	Cheloniidae	Chelonia	mydas	Tortuga verde	South America	Ecuador	EC	Manabí	Manta	San Lorenzo	ND	510579	9881204	WGS84 17S	UTM	ESTADO DESCOMPOSICIÓN 3 SIN DEFINIR CAUSA DE MUERTE.
65	event	es	https://creativecommons.org/licenses/by-nc/4.0/	Ministerio del Ambiente, Agua y Transición Ecológica	CC BY-NC 4.0	Ministerio del Ambiente, Agua y Transición Ecológica. 2021. Registro de varamientos de megafauna marina en Ecuador continental, Ecuador.	https://www.researchgate.net/publication/336722056_PROTOCOLO_DE_RESPUESTA_A_VARAMIENTOS_DE_ESPECIES_MARINAS_EN_ECUADOR	http://www.ambiente.gob.ec	Registro de varamientos de megafauna marina en Ecuador continental	MAAE	HumanObservation	ninguna 	ND	EC:AAN:VAR:201512:004	2021-12-18	2021	12	18	Lopez, Yandry	ND	vivo	hembra	ND	1	ND	ND	ND	ND	ND	ec.bio.spp.45446	Chelonia mydas	Animalia|Chordata|Mammalia|Carnivora|Otariidae|Otaria	Animalia	Chordata	Sauropsida	Testudines	Cheloniidae	Chelonia	mydas	Tortuga verde	South America	Ecuador	EC	Manabí	Manta	San Lorenzo	ND	510266	9881882	WGS84 17S	UTM	PRESENTABA ANZUELO EN EL ESÓFAGO
66	event	es	https://creativecommons.org/licenses/by-nc/4.0/	Ministerio del Ambiente, Agua y Transición Ecológica	CC BY-NC 4.0	Ministerio del Ambiente, Agua y Transición Ecológica. 2021. Registro de varamientos de megafauna marina en Ecuador continental, Ecuador.	https://www.researchgate.net/publication/336722056_PROTOCOLO_DE_RESPUESTA_A_VARAMIENTOS_DE_ESPECIES_MARINAS_EN_ECUADOR	http://www.ambiente.gob.ec	Registro de varamientos de megafauna marina en Ecuador continental	MAAE	HumanObservation	ninguna 	ND	EC:AAN:VAR:201512:005	2021-12-23	2021	12	23	Reyes, Victor	ND	muerto	ND	ND	1	ND	ND	ND	ND	ND	ec.bio.spp.45780	Otaria flavescens	Animalia|Chordata|Mammalia|Carnivora|Otariidae|Otaria	Animalia	Chordata	Mammalia	Carnivora	Otariidae	Otaria	flavescens	Lobo marino	South America	Ecuador	EC	Manabí	Manta	San Lorenzo	ND	510025	9882303	WGS84 17S	UTM	AVANZADA DESCOMPOSICIÓN
67	event	es	https://creativecommons.org/licenses/by-nc/4.0/	Ministerio del Ambiente, Agua y Transición Ecológica	CC BY-NC 4.0	Ministerio del Ambiente, Agua y Transición Ecológica. 2021. Registro de varamientos de megafauna marina en Ecuador continental, Ecuador.	https://www.researchgate.net/publication/336722056_PROTOCOLO_DE_RESPUESTA_A_VARAMIENTOS_DE_ESPECIES_MARINAS_EN_ECUADOR	http://www.ambiente.gob.ec	Registro de varamientos de megafauna marina en Ecuador continental	MAAE	HumanObservation	ninguna 	ND	EC:AAN:VAR:201705:001	2017-05-31	2017	5	31	Bazurto, Yolanda|Jhonny Martinez	playa	muerto	hembra	adulto	1	Cuerpo robusto	gestante	ND	17:00:00	Autolisis incipiente	ec.bio.spp.45797	Megaptera novaeangliae	Animalia|Chordata|Mammalia|Artiodactyla|Balaenopteridae|Megaptera	Animalia	Chordata	Mammalia	Artiodactyla	Balaenopteridae	Megaptera	novaeangliae	Ballena jorobada	South America	Ecuador	EC	Guayas	ND	Area Nacional de Recreacion Playas Villamil	ND	566741	9708335	WGS84 17S	UTM	Ballena totalmente inflada producción del proceso de putrefacción
68	event	es	https://creativecommons.org/licenses/by-nc/4.0/	Ministerio del Ambiente, Agua y Transición Ecológica	CC BY-NC 4.0	Ministerio del Ambiente, Agua y Transición Ecológica. 2021. Registro de varamientos de megafauna marina en Ecuador continental, Ecuador.	https://www.researchgate.net/publication/336722056_PROTOCOLO_DE_RESPUESTA_A_VARAMIENTOS_DE_ESPECIES_MARINAS_EN_ECUADOR	http://www.ambiente.gob.ec	Registro de varamientos de megafauna marina en Ecuador continental	MAAE	HumanObservation	ninguna 	ND	EC:AAN:VAR:201706:001	2017-06-17	2017	6	17	Salmeron, Wilter|Jhonny Marti­nez	playa	muerto	hembra	adulto	1	Cuerpo delgado	gestante	ND	17:00:00	Autolisis avanzada	ec.bio.spp.45797	Megaptera novaeangliae	Animalia|Chordata|Mammalia|Artiodactyla|Balaenopteridae|Megaptera	Animalia	Chordata	Mammalia	Artiodactyla	Balaenopteridae	Megaptera	novaeangliae	Ballena jorobada	South America	Ecuador	EC	Guayas	ND	Area Nacional de Recreacion Playas Villamil	ND	570565	9704527	WGS84 17S	UTM	En avanzado estado de descomposicii³n con cortes en el cuerpo
69	event	es	https://creativecommons.org/licenses/by-nc/4.0/	Ministerio del Ambiente, Agua y Transición Ecológica	CC BY-NC 4.0	Ministerio del Ambiente, Agua y Transición Ecológica. 2021. Registro de varamientos de megafauna marina en Ecuador continental, Ecuador.	https://www.researchgate.net/publication/336722056_PROTOCOLO_DE_RESPUESTA_A_VARAMIENTOS_DE_ESPECIES_MARINAS_EN_ECUADOR	http://www.ambiente.gob.ec	Registro de varamientos de megafauna marina en Ecuador continental	MAAE	HumanObservation	ninguna 	ND	EC:AAN:VAR:201906:001	2019-06-26	2019	6	26	Quinde, Orlin|Hernandez, Saily	playa	muerto	hembra	adulto	1	Cuerpo delgado	gestante	ND	18:10:00	Fresco	ec.bio.spp.45797	Megaptera novaeangliae	Animalia|Chordata|Mammalia|Artiodactyla|Balaenopteridae|Megaptera	Animalia	Chordata	Mammalia	Artiodactyla	Balaenopteridae	Megaptera	novaeangliae	Ballena jorobada	South America	Ecuador	EC	Guayas	ND	Engabao	ND	562160	9708804	WGS84 17S	UTM	marea alta, area turistica
70	event	es	https://creativecommons.org/licenses/by-nc/4.0/	Ministerio del Ambiente, Agua y Transición Ecológica	CC BY-NC 4.0	Ministerio del Ambiente, Agua y Transición Ecológica. 2021. Registro de varamientos de megafauna marina en Ecuador continental, Ecuador.	https://www.researchgate.net/publication/336722056_PROTOCOLO_DE_RESPUESTA_A_VARAMIENTOS_DE_ESPECIES_MARINAS_EN_ECUADOR	http://www.ambiente.gob.ec	Registro de varamientos de megafauna marina en Ecuador continental	MAAE	HumanObservation	ninguna 	ND	EC:AAN:VAR:201907:001	2019-07-08	2019	7	8	Martinez, Jhonny|Quinde, Orlin	orilla	muerto	hembra	adulto	1	Cuerpo robusto	gestante	ND	08:30:00	Autolisis avanzada	ec.bio.spp.45797	Megaptera novaeangliae	Animalia|Chordata|Mammalia|Artiodactyla|Balaenopteridae|Megaptera	Animalia	Chordata	Mammalia	Artiodactyla	Balaenopteridae	Megaptera	novaeangliae	Ballena jorobada	South America	Ecuador	EC	Guayas	ND	Engabao	ND	562825	9708096	WGS84 17S	UTM	marea alta, area turistica
71	event	es	https://creativecommons.org/licenses/by-nc/4.0/	Ministerio del Ambiente, Agua y Transición Ecológica	CC BY-NC 4.0	Ministerio del Ambiente, Agua y Transición Ecológica. 2021. Registro de varamientos de megafauna marina en Ecuador continental, Ecuador.	https://www.researchgate.net/publication/336722056_PROTOCOLO_DE_RESPUESTA_A_VARAMIENTOS_DE_ESPECIES_MARINAS_EN_ECUADOR	http://www.ambiente.gob.ec	Registro de varamientos de megafauna marina en Ecuador continental	MAAE	HumanObservation	ninguna 	ND	EC:AAN:VAR:201908:001	2019-08-26	2019	8	26	Figueroa, Ubaldo	orilla	muerto	hembra	adulto	1	Cuerpo robusto	gestante	ND	16:40:00	Autolisis avanzada	ec.bio.spp.45797	Megaptera novaeangliae	Animalia|Chordata|Mammalia|Artiodactyla|Balaenopteridae|Megaptera	Animalia	Chordata	Mammalia	Artiodactyla	Balaenopteridae	Megaptera	novaeangliae	Ballena jorobada	South America	Ecuador	EC	Guayas	ND	Engabao	ND	559382	9711531	WGS84 17S	UTM	marea alta, area turistica
72	event	es	https://creativecommons.org/licenses/by-nc/4.0/	Ministerio del Ambiente, Agua y Transición Ecológica	CC BY-NC 4.0	Ministerio del Ambiente, Agua y Transición Ecológica. 2021. Registro de varamientos de megafauna marina en Ecuador continental, Ecuador.	https://www.researchgate.net/publication/336722056_PROTOCOLO_DE_RESPUESTA_A_VARAMIENTOS_DE_ESPECIES_MARINAS_EN_ECUADOR	http://www.ambiente.gob.ec	Registro de varamientos de megafauna marina en Ecuador continental	MAAE	HumanObservation	ninguna 	ND	EC:AAN:VAR:2020:07:001	2020-07-18	2020	7	18	Martinez, Jhonny	playa	vivo	macho	cria	1	Cuerpo robusto	no gestante	ND	20:20:00	Autolisis 	ec.bio.spp.45797	Megaptera novaeangliae	Animalia|Chordata|Mammalia|Artiodactyla|Balaenopteridae|Megaptera	Animalia	Chordata	Mammalia	Artiodactyla	Balaenopteridae	Megaptera	novaeangliae	Ballena jorobada	South America	Ecuador	EC	Guayas	ND	Engabao	ND	ND	ND	ND	ND	marea alta, area turistica
73	event	es	https://creativecommons.org/licenses/by-nc/4.0/	Ministerio del Ambiente, Agua y Transición Ecológica	CC BY-NC 4.0	Ministerio del Ambiente, Agua y Transición Ecológica. 2021. Registro de varamientos de megafauna marina en Ecuador continental, Ecuador.	https://www.researchgate.net/publication/336722056_PROTOCOLO_DE_RESPUESTA_A_VARAMIENTOS_DE_ESPECIES_MARINAS_EN_ECUADOR	http://www.ambiente.gob.ec	Registro de varamientos de megafauna marina en Ecuador continental	MAAE	HumanObservation	ninguna 	ND	EC:AAN:VAR:202101:001	2021-01-13	2021	1	13	Ladines, Beatriz	Playa	muerto	ND	ND	1	ND	ND	ND	ND	Autolisis avanzada	ec.bio.spp.45799	Delphinus delphis	Animalia|Chordata|Mammalia|Artiodactyla|Delphinidae|Delphinus	Animalia	Chordata	Mammalia	Artiodactyla	Delphinidae	Delphinus	delphis	ND	South America	Ecuador	EC	Santa Elena	Salinas	Tres Cruces	ND	499772	9757309	WGS84 17S	UTM	Corte en aleta caudal
74	event	es	https://creativecommons.org/licenses/by-nc/4.0/	Ministerio del Ambiente, Agua y Transición Ecológica	CC BY-NC 4.0	Ministerio del Ambiente, Agua y Transición Ecológica. 2021. Registro de varamientos de megafauna marina en Ecuador continental, Ecuador.	https://www.researchgate.net/publication/336722056_PROTOCOLO_DE_RESPUESTA_A_VARAMIENTOS_DE_ESPECIES_MARINAS_EN_ECUADOR	http://www.ambiente.gob.ec	Registro de varamientos de megafauna marina en Ecuador continental	MAAE	HumanObservation	ninguna 	ND	EC:AAN:VAR:202102:001	2021-02-17	2021	2	17	Ladines, Beatriz	Playa	muerto	ND	ND	1	ND	ND	ND	ND	Autolisis avanzada	ec.bio.spp.45799	Delphinus delphis	Animalia|Chordata|Mammalia|Artiodactyla|Delphinidae|Delphinus	Animalia	Chordata	Mammalia	Artiodactyla	Delphinidae	Delphinus	delphis	ND	South America	Ecuador	EC	Santa Elena	Salinas	Diablica	ND	509915	9746094	WGS84 17S	UTM	ND
75	event	es	https://creativecommons.org/licenses/by-nc/4.0/	Ministerio del Ambiente, Agua y Transición Ecológica	CC BY-NC 4.0	Ministerio del Ambiente, Agua y Transición Ecológica. 2021. Registro de varamientos de megafauna marina en Ecuador continental, Ecuador.	https://www.researchgate.net/publication/336722056_PROTOCOLO_DE_RESPUESTA_A_VARAMIENTOS_DE_ESPECIES_MARINAS_EN_ECUADOR	http://www.ambiente.gob.ec	Registro de varamientos de megafauna marina en Ecuador continental	MAAE	HumanObservation	ninguna 	ND	EC:AAN:VAR:202102:002	2021-02-22	2021	2	22	Ladines, Beatriz	Playa	muerto	ND	ND	1	ND	ND	ND	ND	Autolisis 	ec.bio.spp.45799	Delphinus delphis	Animalia|Chordata|Mammalia|Artiodactyla|Delphinidae|Delphinus	Animalia	Chordata	Mammalia	Artiodactyla	Delphinidae	Delphinus	delphis	ND	South America	Ecuador	EC	Santa Elena	Salinas	La Chueca	ND	503231	9754117	WGS84 17S	UTM	Corte en aleta caudal
76	event	es	https://creativecommons.org/licenses/by-nc/4.0/	Ministerio del Ambiente, Agua y Transición Ecológica	CC BY-NC 4.0	Ministerio del Ambiente, Agua y Transición Ecológica. 2021. Registro de varamientos de megafauna marina en Ecuador continental, Ecuador.	https://www.researchgate.net/publication/336722056_PROTOCOLO_DE_RESPUESTA_A_VARAMIENTOS_DE_ESPECIES_MARINAS_EN_ECUADOR	http://www.ambiente.gob.ec	Registro de varamientos de megafauna marina en Ecuador continental	MAAE	HumanObservation	ninguna 	ND	EC:AAN:VAR:202103:001	2021-03-15	2021	3	15	Ladines, Beatriz	Playa	muerto	ND	ND	1	ND	ND	ND	ND	Autolisis 	ec.bio.spp.45780	Otaria flavescens	Animalia|Chordata|Mammalia|Carnivora|Otariidae|Otaria	Animalia	Chordata	Mammalia	Carnivora	Otariidae	Otaria	flavescens	Lobo marino	South America	Ecuador	EC	Santa Elena	Salinas	Tres Cruces	ND	499543	9757771	WGS84 17S	UTM	ND
77	event	es	https://creativecommons.org/licenses/by-nc/4.0/	Ministerio del Ambiente, Agua y Transición Ecológica	CC BY-NC 4.0	Ministerio del Ambiente, Agua y Transición Ecológica. 2021. Registro de varamientos de megafauna marina en Ecuador continental, Ecuador.	https://www.researchgate.net/publication/336722056_PROTOCOLO_DE_RESPUESTA_A_VARAMIENTOS_DE_ESPECIES_MARINAS_EN_ECUADOR	http://www.ambiente.gob.ec	Registro de varamientos de megafauna marina en Ecuador continental	MAAE	HumanObservation	ninguna 	ND	EC:AAN:VAR:202103:002	2021-03-18	2021	3	18	Ladines, Beatriz	Playa	muerto	ND	ND	1	ND	ND	ND	ND	Autolisis 	ec.bio.spp.45780	Otaria flavescens	Animalia|Chordata|Mammalia|Carnivora|Otariidae|Otaria	Animalia	Chordata	Mammalia	Carnivora	Otariidae	Otaria	flavescens	Lobo marino	South America	Ecuador	EC	Santa Elena	Salinas	Punta Brava	ND	4998491	9757172	WGS84 17S	UTM	ND
78	event	es	https://creativecommons.org/licenses/by-nc/4.0/	Ministerio del Ambiente, Agua y Transición Ecológica	CC BY-NC 4.0	Ministerio del Ambiente, Agua y Transición Ecológica. 2021. Registro de varamientos de megafauna marina en Ecuador continental, Ecuador.	https://www.researchgate.net/publication/336722056_PROTOCOLO_DE_RESPUESTA_A_VARAMIENTOS_DE_ESPECIES_MARINAS_EN_ECUADOR	http://www.ambiente.gob.ec	Registro de varamientos de megafauna marina en Ecuador continental	MAAE	HumanObservation	ninguna 	ND	EC:AAN:VAR:202104:001	2021-04-12	2021	4	12	Ladines, Beatriz	Playa	muerto	ND	ND	1	ND	ND	ND	ND	Autolisis avanzada	ec.bio.spp.45799	Delphinus delphis	Animalia|Chordata|Mammalia|Artiodactyla|Delphinidae|Delphinus	Animalia	Chordata	Mammalia	Artiodactyla	Delphinidae	Delphinus	delphis	ND	South America	Ecuador	EC	Santa Elena	Salinas	Mar Bravo	ND	5061113	9751156	WGS84 17S	UTM	Mordida depredador cerca a la aleta caudal
79	event	es	https://creativecommons.org/licenses/by-nc/4.0/	Ministerio del Ambiente, Agua y Transición Ecológica	CC BY-NC 4.0	Ministerio del Ambiente, Agua y Transición Ecológica. 2021. Registro de varamientos de megafauna marina en Ecuador continental, Ecuador.	https://www.researchgate.net/publication/336722056_PROTOCOLO_DE_RESPUESTA_A_VARAMIENTOS_DE_ESPECIES_MARINAS_EN_ECUADOR	http://www.ambiente.gob.ec	Registro de varamientos de megafauna marina en Ecuador continental	MAAE	HumanObservation	ninguna 	ND	EC:AAN:VAR:202104:002	2021-04-29	2021	4	29	Ladines, Beatriz	Playa	muerto	ND	ND	1	ND	ND	ND	ND	Autolisis avanzada	ec.bio.spp.45799	Delphinus delphis	Animalia|Chordata|Mammalia|Artiodactyla|Delphinidae|Delphinus	Animalia	Chordata	Mammalia	Artiodactyla	Delphinidae	Delphinus	delphis	ND	South America	Ecuador	EC	Santa Elena	Salinas	Mar Bravo	ND	507136	9750268	WGS84 17S	UTM	Corte en aleta caudal
80	event	es	https://creativecommons.org/licenses/by-nc/4.0/	Ministerio del Ambiente, Agua y Transición Ecológica	CC BY-NC 4.0	Ministerio del Ambiente, Agua y Transición Ecológica. 2021. Registro de varamientos de megafauna marina en Ecuador continental, Ecuador.	https://www.researchgate.net/publication/336722056_PROTOCOLO_DE_RESPUESTA_A_VARAMIENTOS_DE_ESPECIES_MARINAS_EN_ECUADOR	http://www.ambiente.gob.ec	Registro de varamientos de megafauna marina en Ecuador continental	MAAE	HumanObservation	ninguna 	ND	EC:AAN:VAR:202104:003	2021-04-29	2021	4	29	Ladines, Beatriz	Playa	muerto	ND	ND	1	ND	ND	ND	ND	Autolisis avanzada	ec.bio.spp.45808	Stenella coeruleoalba	Animalia|Chordata|Mammalia|Artiodactyla|Delphinidae|Stenella	Animalia	Chordata	Mammalia	Artiodactyla	Delphinidae	Stenella	coeruleoalba	ND	South America	Ecuador	EC	Santa Elena	Salinas	Punta Carnero	ND	509006	9748152	WGS84 17S	UTM	Corte en aleta caudal
81	event	es	https://creativecommons.org/licenses/by-nc/4.0/	Ministerio del Ambiente, Agua y Transición Ecológica	CC BY-NC 4.0	Ministerio del Ambiente, Agua y Transición Ecológica. 2021. Registro de varamientos de megafauna marina en Ecuador continental, Ecuador.	https://www.researchgate.net/publication/336722056_PROTOCOLO_DE_RESPUESTA_A_VARAMIENTOS_DE_ESPECIES_MARINAS_EN_ECUADOR	http://www.ambiente.gob.ec	Registro de varamientos de megafauna marina en Ecuador continental	MAAE	HumanObservation	ninguna 	ND	EC:AAN:VAR:202104:004	2021-04-30	2021	4	30	Ladines, Beatriz	Playa	ND	ND	ND	1	ND	ND	ND	ND	Autolisis avanzada	ND	Kogia sp.	Animalia|Chordata|Mammalia|Artiodactyla|Kogiidae|Kogia	Animalia	Chordata	Mammalia	Artiodactyla	Kogiidae	Kogia	ND	ND	South America	Ecuador	EC	Santa Elena	Salinas	Punta Brava	ND	500156	9757034	WGS84 17S	UTM	Corte en la parte ventral
82	event	es	https://creativecommons.org/licenses/by-nc/4.0/	Ministerio del Ambiente, Agua y Transición Ecológica	CC BY-NC 4.0	Ministerio del Ambiente, Agua y Transición Ecológica. 2021. Registro de varamientos de megafauna marina en Ecuador continental, Ecuador.	https://www.researchgate.net/publication/336722056_PROTOCOLO_DE_RESPUESTA_A_VARAMIENTOS_DE_ESPECIES_MARINAS_EN_ECUADOR	http://www.ambiente.gob.ec	Registro de varamientos de megafauna marina en Ecuador continental	MAAE	HumanObservation	ninguna 	ND	EC:AAN:VAR:202105:001	2021-05-27	2021	5	27	Ladines, Beatriz	Playa	muerto	ND	ND	1	ND	ND	ND	ND	Autolisis avanzada	ec.bio.spp.45780	Otaria flavescens	Animalia|Chordata|Mammalia|Carnivora|Otariidae|Otaria	Animalia	Chordata	Mammalia	Carnivora	Otariidae	Otaria	flavescens	Lobo marino	South America	Ecuador	EC	Santa Elena	Salinas	Mar Bravo	ND	503764	9753540	WGS84 17S	UTM	ND
83	event	es	https://creativecommons.org/licenses/by-nc/4.0/	Ministerio del Ambiente, Agua y Transición Ecológica	CC BY-NC 4.0	Ministerio del Ambiente, Agua y Transición Ecológica. 2021. Registro de varamientos de megafauna marina en Ecuador continental, Ecuador.	https://www.researchgate.net/publication/336722056_PROTOCOLO_DE_RESPUESTA_A_VARAMIENTOS_DE_ESPECIES_MARINAS_EN_ECUADOR	http://www.ambiente.gob.ec	Registro de varamientos de megafauna marina en Ecuador continental	MAAE	HumanObservation	ninguna 	ND	EC:AAN:VAR:202106:001	2021-07-04	2021	7	4	Quinde, Orlin	orilla	muerto	hembra	adulto	1	Cuerpo robusto	gestante	ND	20:40:00	Autolisis 	ec.bio.spp.45797	Megaptera novaeangliae	Animalia|Chordata|Mammalia|Artiodactyla|Balaenopteridae|Megaptera	Animalia	Chordata	Mammalia	Artiodactyla	Balaenopteridae	Megaptera	novaeangliae	Ballena jorobada	South America	Ecuador	EC	Guayas	ND	Area Nacional de Recreacion Playas Villamil	ND	572886	9702698	WGS84 17S	UTM	marea alta, area turistica
84	event	es	https://creativecommons.org/licenses/by-nc/4.0/	Ministerio del Ambiente, Agua y Transición Ecológica	CC BY-NC 4.0	Ministerio del Ambiente, Agua y Transición Ecológica. 2021. Registro de varamientos de megafauna marina en Ecuador continental, Ecuador.	https://www.researchgate.net/publication/336722056_PROTOCOLO_DE_RESPUESTA_A_VARAMIENTOS_DE_ESPECIES_MARINAS_EN_ECUADOR	http://www.ambiente.gob.ec	Registro de varamientos de megafauna marina en Ecuador continental	MAAE	HumanObservation	ninguna 	ND	EC:AAN:VAR:202106:002	2021-07-19	2021	7	17	Quinde, Orlin	playa	muerto	macho	adulto	1	ND	ND	ND	11:36:00	Autolisis avanzada	ec.bio.spp.45797	Megaptera novaeangliae	Animalia|Chordata|Mammalia|Artiodactyla|Balaenopteridae|Megaptera	Animalia	Chordata	Mammalia	Artiodactyla	Balaenopteridae	Megaptera	novaeangliae	Ballena jorobada	South America	Ecuador	EC	Guayas	ND	Posorja	Playa varadero	577613	9698945	WGS84 17S	UTM	ND
85	event	es	https://creativecommons.org/licenses/by-nc/4.0/	Ministerio del Ambiente, Agua y Transición Ecológica	CC BY-NC 4.0	Ministerio del Ambiente, Agua y Transición Ecológica. 2021. Registro de varamientos de megafauna marina en Ecuador continental, Ecuador.	https://www.researchgate.net/publication/336722056_PROTOCOLO_DE_RESPUESTA_A_VARAMIENTOS_DE_ESPECIES_MARINAS_EN_ECUADOR	http://www.ambiente.gob.ec	Registro de varamientos de megafauna marina en Ecuador continental	MAAE	HumanObservation	ninguna 	ND	EC:AAN:VAR:202106:003	2021-06-02	2021	6	2	Ladines, Beatriz	Playa	muerto	ND	ND	1	ND	ND	ND	ND	Autolisis 	ec.bio.spp.45780	Otaria flavescens	Animalia|Chordata|Mammalia|Carnivora|Otariidae|Otaria	Animalia	Chordata	Mammalia	Carnivora	Otariidae	Otaria	flavescens	Lobo marino	South America	Ecuador	EC	Santa Elena	Salinas	Mar Bravo	ND	503552	9753747	WGS84 17S	UTM	ND
86	event	es	https://creativecommons.org/licenses/by-nc/4.0/	Ministerio del Ambiente, Agua y Transición Ecológica	CC BY-NC 4.0	Ministerio del Ambiente, Agua y Transición Ecológica. 2021. Registro de varamientos de megafauna marina en Ecuador continental, Ecuador.	https://www.researchgate.net/publication/336722056_PROTOCOLO_DE_RESPUESTA_A_VARAMIENTOS_DE_ESPECIES_MARINAS_EN_ECUADOR	http://www.ambiente.gob.ec	Registro de varamientos de megafauna marina en Ecuador continental	MAAE	HumanObservation	ninguna 	ND	EC:AAN:VAR:202106:004	2021-06-09	2021	6	9	Ladines, Beatriz	Playa	muerto	ND	ND	1	ND	ND	ND	ND	Autolisis 	ec.bio.spp.45780	Otaria flavescens	Animalia|Chordata|Mammalia|Carnivora|Otariidae|Otaria	Animalia	Chordata	Mammalia	Carnivora	Otariidae	Otaria	flavescens	Lobo marino	South America	Ecuador	EC	Santa Elena	Salinas	Punta Brava	ND	499825	9757183	WGS84 17S	UTM	linea de anzuelo
